participant,session,group,fold,start_utc,n_tags,n_windows,n_stress,n_nostress
P101C,A01fb9_190426-184819,0,0,2019-04-26 18:48:19,1,5185,118,4465
P101C,A01fb9_190428-004357,1,0,2019-04-28 00:43:57,2,2249,195,1452
P101C,A01fb9_190428-100948,2,0,2019-04-28 10:09:48,1,6,6,0
P101C,A01fb9_190428-101113,3,0,2019-04-28 10:11:13,1,1661,118,231
P101C,A01fb9_190428-184956,4,0,2019-04-28 18:49:56,2,465,118,0
P101C,A01fb9_190428-223702,5,0,2019-04-28 22:37:02,1,4197,118,3477
P101C,A01fb9_190429-164951,6,0,2019-04-29 16:49:51,1,1363,113,648
P101C,A01f4c_190429-184613,7,1,2019-04-29 18:46:13,0,2270,0,1577
P101C,A01f4c_190430-034436,8,1,2019-04-30 03:44:36,0,5121,0,5121
P101C,A01f4c_190430-161241,9,1,2019-04-30 16:12:41,2,4863,119,3420
P101C,A01f4c_190430-234943,10,1,2019-04-30 23:49:43,0,2269,0,2269
P101C,A01f4c_190501-173539,11,2,2019-05-01 17:35:39,0,8097,0,8097
P101C,A01f4c_190502-165445,12,2,2019-05-02 16:54:45,1,2783,109,2079
P101C,A01fb9_190502-211553,13,2,2019-05-02 21:15:53,1,1335,0,99
P101C,A01fb9_190503-041111,14,2,2019-05-03 04:11:11,1,1393,102,689
P101C,A01fb9_190503-125647,15,3,2019-05-03 12:56:47,1,2960,118,2240
P101C,A01f4c_190503-171525,16,3,2019-05-03 17:15:25,0,6185,0,5621
P101C,A01f4c_190504-200436,17,3,2019-05-04 20:04:36,2,4137,158,1882
P101C,A01f4c_190505-153004,18,3,2019-05-05 15:30:04,0,812,0,812
P101C,A01f4c_190506-173700,19,4,2019-05-06 17:37:00,0,5506,0,5506
P101C,A01f4c_190507-181335,20,4,2019-05-07 18:13:35,0,6789,0,6789
P101C,A01f4c_190508-174012,21,4,2019-05-08 17:40:12,0,439,0,439
P101C,A01fb9_190509-233114,22,4,2019-05-09 23:31:14,1,6286,69,5723
P101C,A01fb9_190510-163929,23,4,2019-05-10 16:39:29,1,146,118,0
P102C,A01b41_190530-021557,0,0,2019-05-30 02:15:57,1,0,0,0
P102C,A01b41_190530-163603,1,0,2019-05-30 16:36:03,2,6822,116,6149
P102C,A01b41_190531-034627,2,0,2019-05-31 03:46:27,1,7852,118,7031
P102C,A01d53_190531-163843,3,1,2019-05-31 16:38:43,13,6864,1005,173
P102C,A01d53_190601-142028,4,1,2019-06-01 14:20:28,1,6,0,0
P102C,A01d53_190601-155914,5,1,2019-06-01 15:59:14,6,4817,634,269
P102C,A01d53_190602-011648,6,1,2019-06-02 01:16:48,1,2244,3,1889
P102C,A01d53_190602-154348,7,1,2019-06-02 15:43:48,7,8536,619,2776
P102C,A01d53_190603-133712,8,1,2019-06-03 13:37:12,0,584,0,584
P102C,A01b41_190603-165328,9,2,2019-06-03 16:53:28,4,8645,471,5227
P102C,A01B41_190604-145250,10,2,2019-06-04 14:52:50,3,1534,14,1114
P102C,A01b41_190605-033247,11,2,2019-06-05 03:32:47,2,2502,119,1809
P102C,A01b41_190605-152734,12,3,2019-06-05 15:27:34,2,10043,197,7350
P102C,A01b41_190606-102523,13,3,2019-06-06 10:25:23,0,12,0,12
P102C,A01b41_190606-145018,14,3,2019-06-06 14:50:18,0,10,0,10
P102C,A01D53_190606-165906,15,3,2019-06-06 16:59:06,1,358,3,218
P102C,A01D53_190607-011929,16,3,2019-06-07 01:19:29,1,117,0,75
P102C,A01D53_190607-130410,17,3,2019-06-07 13:04:10,2,113,0,104
P102C,A01b41_190607-163902,18,3,2019-06-07 16:39:02,5,4465,435,1234
P102C,A01b41_190608-110815,19,3,2019-06-08 11:08:15,3,2051,229,257
P102C,A01b41_190608-151814,20,3,2019-06-08 15:18:14,3,6213,250,2687
P102C,A01b41_190610-003946,21,3,2019-06-10 00:39:46,5,2849,353,631
P102C,A01b41_190610-115306,22,3,2019-06-10 11:53:06,1,1289,63,720
P102C,A01b41_190610-140306,23,3,2019-06-10 14:03:06,1,233,59,0
P102C,A01b41_190610-153427,24,3,2019-06-10 15:34:27,1,171,0,0
P102C,A01d53_190610-163232,25,4,2019-06-10 16:32:32,6,6544,465,2333
P102C,A01d53_190611-052829,26,4,2019-06-11 05:28:29,3,1203,71,633
P102C,A01d53_190611-121945,27,4,2019-06-11 12:19:45,5,5178,195,3088
P102C,A01d53_190612-125030,28,4,2019-06-12 12:50:30,4,6856,353,3530
P102C,A01d53_190613-043647,29,4,2019-06-13 04:36:47,2,432,118,0
P102C,A01d53_190613-142230,30,4,2019-06-13 14:22:30,0,539,0,539
P102C,A01d53_190613-153047,31,4,2019-06-13 15:30:47,0,0,0,0
P104C,A02160_190715-193714,0,0,2019-07-15 19:37:14,1,6759,118,6041
P104C,A02160_190716-144136,1,1,2019-07-16 14:41:36,1,8649,116,7931
P104C,A02160_190718-143844,2,1,2019-07-18 14:38:44,1,3505,114,2809
P104C,A01d53_190718-193707,3,1,2019-07-18 19:37:07,1,1452,0,1152
P104C,A01d53_190719-134136,4,1,2019-07-19 13:41:36,1,909,52,661
P104C,A02160_190719-194518,5,2,2019-07-19 19:45:18,1,5732,117,4633
P104C,A02160_190720-182822,6,3,2019-07-20 18:28:22,1,6975,117,6263
P104C,A02160_190721-183948,7,3,2019-07-21 18:39:48,1,2580,118,1880
P104C,A02160_190722-145552,9,3,2019-07-22 14:55:52,1,3177,15,2560
P104C,A01d53_190722-192201,9,3,2019-07-22 19:22:01,1,874,34,690
P104C,A01d53_190723-144729,10,3,2019-07-23 14:47:29,1,943,6,908
P104C,A01d53_190724-144321,11,4,2019-07-24 14:43:21,1,2570,6,2354
P104C,A01d53_190725-150059,12,4,2019-07-25 15:00:59,1,446,14,321
P104C,A02160_190725-194809,13,4,2019-07-25 19:48:09,2,5077,235,3210
P104C,A02160_190726-140856,14,4,2019-07-26 14:08:56,1,4118,107,3410
P104C,A01D53_190727-001100,15,4,2019-07-27 00:11:00,1,24,2,10
P104C,A01D53_190727-173441,16,4,2019-07-27 17:34:41,2,84,12,55
P104C,A01D53_190728-161157,17,4,2019-07-28 16:11:57,1,802,0,801
P104C,A01D53_190729-142453,18,4,2019-07-29 14:24:53,2,23,7,5
P105C,A02160_191017-161139,0,0,2019-10-17 16:11:39,1,20,20,0
P105C,A02160_191017-161449,1,0,2019-10-17 16:14:49,3,5990,350,3466
P105C,A02160_191018-134430,2,0,2019-10-18 13:44:30,3,1558,238,0
P105C,A01AA7_191018-155614,4,0,2019-10-18 15:56:14,0,7023,118,4878
P105C,A02160_191018-224748,4,0,2019-10-18 22:47:48,1,0,0,0
P105C,A01AA7_191019-125720,5,0,2019-10-19 12:57:20,0,7881,0,7881
P105C,A01AA7_191020-143024,6,1,2019-10-20 14:30:24,0,2067,0,2067
P105C,A01AA7_191020-180857,7,1,2019-10-20 18:08:57,0,6187,0,6187
P105C,A01AA7_191021-134057,8,1,2019-10-21 13:40:57,1,1673,118,952
P105C,A02160_191021-160122,9,1,2019-10-21 16:01:22,1,7278,117,5855
P105C,A02160_191022-131304,10,2,2019-10-22 13:13:04,1,8888,118,8169
P105C,A02160_191023-142846,11,2,2019-10-23 14:28:46,2,8810,118,8090
P105C,A02160_191024-132123,12,2,2019-10-24 13:21:23,1,1128,118,408
P105C,A01aa7_191024-145637,13,2,2019-10-24 14:56:37,0,2199,0,1492
P105C,A01aa7_191024-185340,14,2,2019-10-24 18:53:40,0,5340,0,5340
P105C,A01aa7_191025-131223,15,2,2019-10-25 13:12:23,0,1985,0,1985
P105C,A02160_191025-155902,16,2,2019-10-25 15:59:02,3,1245,119,524
P105C,A02160_191025-183549,17,3,2019-10-25 18:35:49,6,5313,548,843
P105C,A02160_191026-140224,18,3,2019-10-26 14:02:24,2,7193,214,5347
P105C,A02160_191027-142135,19,3,2019-10-27 14:21:35,3,8228,353,4663
P105C,A02160_191028-015229,20,3,2019-10-28 01:52:29,1,3,3,0
P105C,A02160_191028-130550,21,3,2019-10-28 13:05:50,2,1619,119,898
P105C,A01AA7_191028-152439,22,4,2019-10-28 15:24:39,1,5240,118,3607
P105C,A01AA7_191028-225706,23,4,2019-10-28 22:57:06,0,2806,0,2479
P105C,A01AA7_191029-131901,24,4,2019-10-29 13:19:01,0,9350,0,9350
P105C,A01AA7_191030-132746,25,4,2019-10-30 13:27:46,0,9442,0,9442
P105C,A01AA7_191031-135531,26,4,2019-10-31 13:55:31,0,1270,0,1270
P106C,A01fb9_191205-224014,2,0,2019-12-05 22:40:14,1,10545,354,7020
P106C,A01AA7_191205-231245,2,0,2019-12-05 23:12:45,1,4062,234,2371
P106C,A02160_191205-233346,2,0,2019-12-05 23:33:46,1,0,0,0
P106C,A01AA7_191206-163025,5,0,2019-12-06 16:30:25,0,4021,0,3541
P106C,A01fb9_191206-183216,5,0,2019-12-06 18:32:16,1,3136,117,2417
P106C,A02160_191206-223546,5,0,2019-12-06 22:35:46,1,4792,236,3136
P106C,A02160_191207-165236,6,1,2019-12-07 16:52:36,3,9676,119,8955
P106C,A02160_191208-160705,7,1,2019-12-08 16:07:05,3,9823,236,7661
P106C,A02160_191209-170205,8,1,2019-12-09 17:02:05,1,509,118,0
P106C,A01aa7_191209-174530,9,2,2019-12-09 17:45:30,0,10817,0,10108
P106C,A01aa7_191210-155930,10,2,2019-12-10 15:59:30,0,8527,0,8527
P106C,A01aa7_191211-200216,11,2,2019-12-11 20:02:16,0,66,0,66
P106C,A01aa7_191211-223245,12,2,2019-12-11 22:32:45,0,0,0,0
P106C,A02160_191212-181141,13,2,2019-12-12 18:11:41,1,7393,117,6674
P106C,A02160_191213-155217,14,2,2019-12-13 15:52:17,2,841,236,173
P106C,A01AA7_191213-172119,15,3,2019-12-13 17:21:19,1,7402,118,6184
P106C,A01AA7_191214-163946,16,3,2019-12-14 16:39:46,1,7576,109,6938
P106C,A01AA7_191215-161257,17,3,2019-12-15 16:12:57,1,7873,118,7153
P106C,A01AA7_191216-152515-1,18,3,2019-12-16 15:25:15,0,606,0,488
P106C,A02160_191216-170522,19,3,2019-12-16 17:05:22,1,5,5,0
P106C,A02160_191216-170721,20,3,2019-12-16 17:07:21,2,5394,235,2663
P106C,A02160_191217-164519,22,4,2019-12-17 16:45:19,2,7962,112,7248
P106C,A01fb9_191217-195723,22,4,2019-12-17 19:57:23,1,7248,238,5084
P106C,A01fb9_191218-142436,24,4,2019-12-18 14:24:36,1,4960,118,4242
P106C,A02160_191218-144908,24,4,2019-12-18 14:49:08,2,10564,238,8517
P106C,A02160_191219-164134,25,4,2019-12-19 16:41:34,1,515,118,0
P107C,A01bb3_191113-172347,0,0,2019-11-13 17:23:47,1,62,62,0
P107C,A01bb3_191113-173252,1,0,2019-11-13 17:32:52,2,7559,172,6126
P107C,A01bb3_191114-151306,2,0,2019-11-14 15:13:06,1,9396,118,8676
P107C,A01bb3_191115-140912,3,0,2019-11-15 14:09:12,1,1053,118,370
P107C,A01bb3_191115-155538,4,0,2019-11-15 15:55:38,1,812,117,0
P107C,A01fb9_191115-170539,5,0,2019-11-15 17:05:39,1,0,0,0
P107C,A01fb9_191115-172642,6,1,2019-11-15 17:26:42,1,9000,117,7834
P107C,A01fb9_191116-133617,7,1,2019-11-16 13:36:17,1,11551,116,10833
P107C,A01fb9_191117-151526,8,1,2019-11-17 15:15:26,1,2927,116,2222
P107C,A01fb9_191117-200532,9,1,2019-11-17 20:05:32,0,2088,0,1649
P107C,A01fb9_191118-004757,10,1,2019-11-18 00:47:57,0,10,0,10
P107C,A01bb3_191118-165632,11,2,2019-11-18 16:56:32,1,9052,117,8333
P107C,A01bb3_191119-135710,12,2,2019-11-19 13:57:10,1,11001,115,10284
P107C,A01bb3_191120-151628,13,2,2019-11-20 15:16:28,0,7284,0,7284
P107C,A01fb9_191121-162924,15,3,2019-11-21 16:29:24,2,6835,349,4259
P107C,A01bb3_191122-000012,15,3,2019-11-22 00:00:12,1,0,0,0
P107C,A01fb9_191122-151554,16,3,2019-11-22 15:15:54,1,688,4,320
P107C,A01bb3_191122-172520,17,3,2019-11-22 17:25:20,1,8305,117,7233
P107C,A01bb3_191123-140047,18,4,2019-11-23 14:00:47,1,9997,117,9347
P107C,A01bb3_191124-165948,19,4,2019-11-24 16:59:48,1,1532,105,847
P107C,A01bb3_191124-225616,20,4,2019-11-24 22:56:16,0,5397,0,5397
P107C,A01FB9_191125-184601,21,4,2019-11-25 18:46:01,1,6761,118,6041
P107C,A01FB9_191126-151457,22,4,2019-11-26 15:14:57,1,9683,117,8971
P107C,A01FB9_191127-155239,23,4,2019-11-27 15:52:39,1,725,69,111
P108C,A01BB3_191206-225434,0,0,2019-12-06 22:54:34,2,5403,236,3241
P108C,A01BB3_191207-155503,1,0,2019-12-07 15:55:03,3,6916,240,4594
P108C,A01BB3_191208-181734,2,1,2019-12-08 18:17:34,3,7271,237,5108
P108C,A01BB3_191209-180816,3,1,2019-12-09 18:08:16,2,3506,232,1348
P108C,A01FB9_191209-230144,4,1,2019-12-09 23:01:44,3,3069,118,1639
P108C,A01FB9_191210-173342,5,2,2019-12-10 17:33:42,1,11469,117,10764
P108C,A01FB9_191211-170304,6,3,2019-12-11 17:03:04,3,10149,355,6596
P108C,A01BB3_191212-231902,7,3,2019-12-12 23:19:02,1,3621,118,2902
P108C,A01BB3_191213-162436,8,4,2019-12-13 16:24:36,3,5391,276,2651
P108C,A01BB3_191215-083145,9,4,2019-12-15 08:31:45,2,2509,119,1788
P108C,A01BB3_191215-172914,10,4,2019-12-15 17:29:14,1,8443,118,7723
P109C,A02160_200110-164218,0,0,2020-01-10 16:42:18,2,7467,235,5640
P109C,A02160_200111-190139,1,0,2020-01-11 19:01:39,4,4470,356,2574
P109C,A02160_200112-022608,2,0,2020-01-12 02:26:08,3,1629,121,906
P109C,A02160_200112-132811,3,1,2020-01-12 13:28:11,2,2126,1,1675
P109C,A02160_200112-181526,4,1,2020-01-12 18:15:26,2,1034,118,295
P109C,A02160_200112-194232,5,1,2020-01-12 19:42:32,2,2822,120,1389
P109C,A02160_200112-233838,6,1,2020-01-12 23:38:38,1,2040,117,612
P109C,A02160_200113-152054,7,1,2020-01-13 15:20:54,2,2576,231,1657
P109C,A01b41_200113-190333,8,1,2020-01-13 19:03:33,3,5127,353,2662
P109C,A01b41_200114-165217,9,2,2020-01-14 16:52:17,3,5438,327,2469
P109C,A01b41_200115-194904,10,2,2020-01-15 19:49:04,4,6732,472,2591
P109C,A01b41_200116-165618,11,3,2020-01-16 16:56:18,2,8882,236,6720
P109C,A01b41_200117-170307,12,3,2020-01-17 17:03:07,1,3067,118,2347
P109C,A02160_200117-211951,13,3,2020-01-17 21:19:51,4,3585,472,174
P109C,A02160_200118-182621,14,4,2020-01-18 18:26:21,2,5925,236,3763
P109C,A02160_200119-163330,15,4,2020-01-19 16:33:30,1,7245,118,6525
P109C,A02160_200120-174344,16,4,2020-01-20 17:43:44,1,594,118,0
P109C,A02160_200120-185637,17,4,2020-01-20 18:56:37,1,5797,118,4638
P110C,A01aa7_200207-222958,0,0,2020-02-07 22:29:58,1,3756,118,2314
P110C,A01aa7_200208-144058,1,1,2020-02-08 14:40:58,2,20260,161,19370
P110C,A01aa7_200210-212512,2,1,2020-02-10 21:25:12,0,1119,0,1119
P110C,A01bb3_200210-234138,4,1,2020-02-10 23:41:38,2,2837,236,1411
P110C,A01aa7_200211-003345,4,1,2020-02-11 00:33:45,0,0,0,0
P110C,A01bb3_200211-141237,5,1,2020-02-11 14:12:37,5,8461,378,4833
P110C,A01bb3_200212-025849,6,2,2020-02-12 02:58:49,1,1575,118,976
P110C,A01bb3_200212-143119,7,2,2020-02-12 14:31:19,2,9903,142,9159
P110C,A01bb3_200213-144459,8,2,2020-02-13 14:44:59,0,2882,0,2882
P110C,A01bb3_200214-155222,9,2,2020-02-14 15:52:22,0,30,0,30
P110C,A01aa7_200214-185723,10,3,2020-02-14 18:57:23,1,6324,115,5209
P110C,A01aa7_200215-152745,11,3,2020-02-15 15:27:45,4,7769,322,4146
P110C,A01aa7_200216-154650,12,3,2020-02-16 15:46:50,2,9023,236,6139
P110C,A01aa7_200217-142932,13,3,2020-02-17 14:29:32,0,62,0,62
P110C,A01aa7_200218-172456,14,4,2020-02-18 17:24:56,0,4302,0,4302
P110C,A01bb3_200218-232447,15,4,2020-02-18 23:24:47,1,4623,118,3903
P110C,A01bb3_200220-011537,16,4,2020-02-20 01:15:37,2,2322,236,201
P110C,A01bb3_200220-222232,17,4,2020-02-20 22:22:32,1,4493,116,3775
P110C,A01bb3_200221-170700,18,4,2020-02-21 17:07:00,1,3640,52,3365
P110C,A01bb3_200222-030835,19,4,2020-02-22 03:08:35,1,1245,116,0
P111C,A01b41_200207-200013,0,0,2020-02-07 20:00:13,2,2665,236,503
P111C,A01b41_200208-001132,1,0,2020-02-08 00:11:32,1,4280,112,3268
P111C,A01b41_200208-143919,2,0,2020-02-08 14:39:19,14,10531,1149,2249
P111C,A01b41_200209-161842,3,1,2020-02-09 16:18:42,1,4288,118,2868
P111C,A01b41_200210-011646,4,1,2020-02-10 01:16:46,0,2,0,2
P111C,A01fb9_200210-221221,5,1,2020-02-10 22:12:21,1,6968,117,6249
P111C,A01fb9_200211-152008,6,1,2020-02-11 15:20:08,2,2000,120,1278
P111C,A01fb9_200211-192036,7,1,2020-02-11 19:20:36,5,8317,590,3253
P111C,A01fb9_200212-151453,8,1,2020-02-12 15:14:53,1,3604,118,2884
P111C,A01fb9_200212-233318,9,2,2020-02-12 23:33:18,0,2186,0,2186
P111C,A01fb9_200213-054240,10,2,2020-02-13 05:42:40,0,2,0,2
P111C,A01b41_200213-205631,11,2,2020-02-13 20:56:31,1,3284,118,2564
P111C,A01b41_200214-031403,12,2,2020-02-14 03:14:03,1,1382,117,664
P111C,A01b41_200214-160007,13,2,2020-02-14 16:00:07,2,3500,119,2779
P111C,A01fb9_200214-205259,14,2,2020-02-14 20:52:59,4,7342,472,2084
P111C,A01fb9_200215-145749,15,2,2020-02-15 14:57:49,1,2578,118,1858
P111C,A01fb9_200215-191926,16,3,2020-02-15 19:19:26,1,1720,117,866
P111C,A01fb9_200215-223353,17,3,2020-02-15 22:33:53,3,5351,121,4577
P111C,A01fb9_200216-162727,18,3,2020-02-16 16:27:27,0,5026,0,5026
P111C,A01fb9_200217-015039,19,3,2020-02-17 01:50:39,0,2,0,2
P111C,A01b41_200217-210212,20,3,2020-02-17 21:02:12,1,6313,118,5593
P111C,A01b41_200218-135013,21,3,2020-02-18 13:50:13,1,1773,117,1054
P111C,A01b41_200218-171939,22,3,2020-02-18 17:19:39,1,661,117,0
P111C,A01b41_200218-193422,23,4,2020-02-18 19:34:22,1,6794,118,6075
P111C,A01b41_200219-152205,24,4,2020-02-19 15:22:05,1,603,118,0
P111C,A01b41_200219-164523,25,4,2020-02-19 16:45:23,3,7765,354,3902
P111C,A01fb9_200221-191240,26,4,2020-02-21 19:12:40,1,8330,118,7610
P112C,A02160_200207-183104,0,1,2020-02-07 18:31:04,1,15061,7,14335
P112C,A02160_200209-173740,1,1,2020-02-09 17:37:40,0,110,0,110
P112C,A02160_200210-000026,2,1,2020-02-10 00:00:26,0,2,0,2
P112C,A02160_200210-002617,3,1,2020-02-10 00:26:17,0,6,0,6
P112C,A01d53_200210-194142,4,2,2020-02-10 19:41:42,17,5250,874,1231
P112C,A01d53_200212-155534,5,2,2020-02-12 15:55:34,14,1528,255,191
P112C,A02160_200213-171701,6,4,2020-02-13 17:17:01,6,8952,705,1546
P112C,A01d53_200214-180136,7,4,2020-02-14 18:01:36,14,2586,292,460
P112C,A01d53_200216-200731,8,4,2020-02-16 20:07:31,9,4610,367,1708
