participant,fold,n_train,n_train_stress,n_test,n_test_stress,train_auc,test_auc,skipped
P101C,0,53156.0,793.0,11059,786,0.7865149888886772,0.6560208471575852,False
P101C,1,51709.0,1460.0,12506,119,0.7850991378006024,0.42640664887897517,False
P101C,2,53040.0,1368.0,11175,211,0.7449820615574261,0.5112749437625248,False
P101C,3,53384.0,1303.0,10831,276,0.7920954140403202,0.4652321518066168,False
P101C,4,45571.0,1392.0,18644,187,0.7706779521944815,0.6968878958144946,False
P102C,0,42918.0,5656.0,13414,234,0.6571002856830075,0.5703664254309171,False
P102C,1,48380.0,3629.0,7952,2261,0.6827517271266521,0.49929290030247875,False
P102C,2,47578.0,5286.0,8754,604,0.6538446902619873,0.5573552594157559,False
P102C,3,41445.0,4301.0,14887,1589,0.7042416074569158,0.6637031967312497,False
P102C,4,45007.0,4688.0,11325,1202,0.6590165777540158,0.47930443071025064,False
P104C,0,40725.0,1072.0,6159,118,0.5972860271813203,0.6810046602453853,False
P104C,1,34049.0,908.0,12835,282,0.6101219897841381,0.4235222797183912,False
P104C,2,42134.0,1073.0,4750,117,0.6536790567748713,0.39855200798434126,False
P104C,3,34293.0,900.0,12591,290,0.6549023082016524,0.48420089199364225,False
P104C,4,36335.0,807.0,10549,383,0.6000932262931281,0.5563448324394683,False
P105C,0,81031.0,2063.0,16951,726,0.6022412675378598,0.4293724186818458,False
P105C,1,82686.0,2554.0,15296,235,0.6072083695027715,0.4792760504445044,False
P105C,2,71501.0,2316.0,26481,473,0.5981272396367128,0.4198723534732849,False
P105C,3,84994.0,1552.0,12988,1237,0.642587641746091,0.5539413663482226,False
P105C,4,71716.0,2671.0,26266,118,0.5909172252920852,0.5291849135170594,False
P106C,0,92916.0,2235.0,19426,941,0.706501854091513,0.4903553934214978,False
P106C,1,95253.0,2703.0,17089,473,0.6296743778497709,0.6622947290418262,False
P106C,2,86441.0,2823.0,25901,353,0.6149966973180931,0.558051976593745,False
P106C,3,88331.0,2591.0,24011,585,0.6784205829207111,0.45558576525024064,False
P106C,4,86427.0,2352.0,25915,824,0.5923536722152435,0.7678606909683703,False
P107C,0,92552.0,1577.0,15759,587,0.6011532745291053,0.38281712120102884,False
P107C,1,85414.0,1815.0,22897,349,0.5690457466225771,0.5491703023362322,False
P107C,2,82178.0,1932.0,26133,232,0.5608293414675338,0.48228258727861667,False
P107C,3,96029.0,1694.0,12282,470,0.5797092072269511,0.27876519370852576,False
P107C,4,77071.0,1638.0,31240,526,0.5795311252041065,0.4387104653232782,False
P108C,0,42209.0,1690.0,8311,476,0.6668177585181385,0.2931756876330621,False
P108C,1,41838.0,1579.0,8682,587,0.6266316591205572,0.7265955913223824,False
P108C,2,39639.0,2049.0,10881,117,0.677752914722577,0.1531255657509838,False
P108C,3,40549.0,1693.0,9971,473,0.7089064963204592,0.5054196343549793,False
P108C,4,37845.0,1653.0,12675,513,0.6817601029369209,0.5234882209085725,False
P109C,0,40672.0,3155.0,9832,712,0.6408300777920982,0.3332240692144688,False
P109C,1,41274.0,2927.0,9230,940,0.5316219193069911,0.6716877550496625,False
P109C,2,44645.0,3068.0,5859,799,0.5820720780428479,0.48240352317867685,False
P109C,3,40437.0,3041.0,10067,826,0.6445313213092407,0.36204678434589715,False
P109C,4,34988.0,3277.0,15516,590,0.6289848805893037,0.3398557175852852,False
P110C,0,73228.0,2346.0,2432,118,0.7066393835913742,0.901374097241551,False
P110C,1,48152.0,1689.0,27508,775,0.7159223391679447,0.3388566022663785,False
P110C,2,62353.0,2204.0,13307,260,0.7183807858699595,0.6427212857656639,False
P110C,3,59431.0,1791.0,16229,673,0.743009586834628,0.5760359351651723,False
P110C,4,59476.0,1826.0,16184,638,0.7348160187861752,0.6101201530738788,False
P111C,0,66681.0,3305.0,7517,1497,0.5946105747948702,0.5584268204182451,False
P111C,1,56601.0,3739.0,17597,1063,0.6115248467882922,0.5612219172420557,False
P111C,2,61117.0,3858.0,13081,944,0.5578155707880913,0.5703475103444713,False
P111C,3,56490.0,4212.0,17708,590,0.6068194683641589,0.43813123662078374,False
P111C,4,55903.0,4094.0,18295,708,0.6314335400887159,0.4806770955305649,False
P112C,0,,,0,0,,,True
P112C,1,7629.0,2493.0,14460,7,0.7049234742012839,0.518864101372923,False
P112C,2,19538.0,1371.0,2551,1129,0.854847864393872,0.5084737000120839,False
P112C,3,,,0,0,,,True
P112C,4,17011.0,1136.0,5078,1364,0.8872117943883774,0.4534898663533558,False
