participant,folds_evaluated,n_tags,n_stress_windows,n_nostress_windows,train_auc,test_auc_pooled,test_auc_fold_mean,test_auc_fold_sd
P101C,5.0,19.0,1579.0,62636.0,0.7758739108963015,0.6078927693490959,0.5511644974840394,0.11913251886673011
P102C,5.0,86.0,5890.0,50442.0,0.6713909776565157,0.5758427655720376,0.5540044425181303,0.07226029987196028
P104C,5.0,22.0,1190.0,45694.0,0.623216521647022,0.5063993838442279,0.5087249344762457,0.11395937144700183
P105C,5.0,32.0,2789.0,95193.0,0.608216348743104,0.45318412902786986,0.4823294204929834,0.05924179341031936
P106C,5.0,28.0,3176.0,109166.0,0.6443894368790664,0.5666809276224857,0.5868297110551359,0.12828445921283885
P107C,5.0,22.0,2164.0,106147.0,0.5780537390100547,0.41013541765145667,0.42634913396953633,0.1025212766569937
P108C,5.0,24.0,2166.0,48354.0,0.6723737863237306,0.5123881216746715,0.44036093999399595,0.22205895213566865
P109C,5.0,40.0,3867.0,46637.0,0.6056080554080963,0.4375659037905838,0.4378435698747981,0.14401449943476385
P110C,5.0,26.0,2464.0,73196.0,0.7237536228500164,0.528573624796224,0.6138216147025288,0.20035520810688487
P111C,5.0,49.0,4802.0,69396.0,0.6004408001648256,0.5697241265977784,0.5217609160312241,0.05904239979299389
P112C,3.0,61.0,2500.0,19589.0,0.8156610443278445,0.7001215682270663,0.4936092225794542,0.035130644288245985
MEAN,4.818181818181818,37.18181818181818,2962.4545454545455,66040.90909090909,0.6653616585369616,0.5335007943775908,0.510618036652552,0.11418194756585466
