participant,session,device,group,split,start_utc,hours,n_tags,n_windows,n_stress,n_nostress,n_unlabeled
P101C,A01fb9_190426-184819,A01FB9,0,train,2019-04-26 18:48:19,7.21,1,863,37,744,82
P101C,A01fb9_190428-004357,A01FB9,1,train,2019-04-28 00:43:57,3.14,2,374,50,242,82
P101C,A01fb9_190428-100948,A01FB9,2,train,2019-04-28 10:09:48,0.01,1,0,0,0,0
P101C,A01fb9_190428-101113,A01FB9,3,train,2019-04-28 10:11:13,2.31,1,276,75,37,164
P101C,A01fb9_190428-184956,A01FB9,4,train,2019-04-28 18:49:56,0.65,2,76,38,0,38
P101C,A01fb9_190428-223702,A01FB9,5,train,2019-04-28 22:37:02,5.83,1,698,38,578,82
P101C,A01fb9_190429-164951,A01FB9,6,train,2019-04-29 16:49:51,1.9,1,227,38,107,82
P101C,A01f4c_190429-184613,A01F4C,7,train,2019-04-29 18:46:13,3.16,0,378,34,262,82
P101C,A01f4c_190430-034436,A01F4C,8,train,2019-04-30 03:44:36,7.35,0,868,0,868,0
P101C,A01f4c_190430-161241,A01F4C,9,train,2019-04-30 16:12:41,6.85,2,814,78,572,164
P101C,A01f4c_190430-234943,A01F4C,10,train,2019-04-30 23:49:43,3.18,0,380,0,380,0
P101C,A01f4c_190501-173539,A01F4C,11,train,2019-05-01 17:35:39,11.38,0,1354,0,1354,0
P101C,A01f4c_190502-165445,A01F4C,12,train,2019-05-02 16:54:45,4.32,1,474,38,355,81
P101C,A01fb9_190502-211553,A01FB9,13,train,2019-05-02 21:15:53,2.11,1,223,44,15,164
P101C,A01fb9_190503-041111,A01FB9,14,train,2019-05-03 04:11:11,1.96,1,234,38,114,82
P101C,A01fb9_190503-125647,A01FB9,15,train,2019-05-03 12:56:47,4.11,1,492,38,372,82
P101C,A01f4c_190503-171525,A01F4C,16,train,2019-05-03 17:15:25,9.52,0,1049,15,953,81
P101C,A01f4c_190504-200436,A01F4C,17,train,2019-05-04 20:04:36,8.72,2,722,136,322,264
P101C,A01f4c_190505-153004,A01F4C,18,train,2019-05-05 15:30:04,1.13,0,134,0,134,0
P101C,A01f4c_190506-173700,A01F4C,19,test,2019-05-06 17:37:00,7.65,0,917,0,917,0
P101C,A01f4c_190507-181335,A01F4C,20,test,2019-05-07 18:13:35,9.43,0,1130,0,1130,0
P101C,A01f4c_190508-174012,A01F4C,21,test,2019-05-08 17:40:12,0.61,0,72,0,72,0
P101C,A01fb9_190509-233114,A01FB9,22,test,2019-05-09 23:31:14,9.02,1,1056,31,957,68
P101C,A01fb9_190510-163929,A01FB9,23,test,2019-05-10 16:39:29,0.21,1,23,23,0,0
P102C,A01b41_190530-021557,A01B41,0,train,2019-05-30 02:15:57,0.0,1,0,0,0,0
P102C,A01b41_190530-163603,A01B41,1,train,2019-05-30 16:36:03,10.54,2,1185,34,1069,82
P102C,A01b41_190531-034627,A01B41,2,train,2019-05-31 03:46:27,12.84,1,1327,35,1187,105
P102C,A01d53_190531-163843,A01D53,3,train,2019-05-31 16:38:43,13.65,13,1202,602,31,569
P102C,A01d53_190601-142028,A01D53,4,train,2019-06-01 14:20:28,0.65,1,0,0,0,0
P102C,A01d53_190601-155914,A01D53,5,train,2019-06-01 15:59:14,8.63,6,849,324,41,484
P102C,A01d53_190602-011648,A01D53,6,train,2019-06-02 01:16:48,5.26,1,433,7,365,61
P102C,A01d53_190602-154348,A01D53,7,train,2019-06-02 15:43:48,15.1,7,1526,355,501,670
P102C,A01d53_190603-133712,A01D53,8,train,2019-06-03 13:37:12,1.94,0,102,0,102,0
P102C,A01b41_190603-165328,A01B41,9,train,2019-06-03 16:53:28,12.04,4,1442,246,869,327
P102C,A01B41_190604-145250,A01B41,10,train,2019-06-04 14:52:50,10.6,3,256,23,185,48
P102C,A01b41_190605-033247,A01B41,11,train,2019-06-05 03:32:47,3.73,2,422,38,306,78
P102C,A01b41_190605-152734,A01B41,12,train,2019-06-05 15:27:34,15.75,2,1673,140,1219,314
P102C,A01b41_190606-102523,A01B41,13,train,2019-06-06 10:25:23,0.03,0,1,0,1,0
P102C,A01b41_190606-145018,A01B41,14,train,2019-06-06 14:50:18,0.02,0,0,0,0,0
P102C,A01D53_190606-165906,A01D53,15,train,2019-06-06 16:59:06,1.54,1,52,7,33,12
P102C,A01D53_190607-011929,A01D53,16,train,2019-06-07 01:19:29,3.15,1,8,0,5,3
P102C,A01D53_190607-130410,A01D53,17,train,2019-06-07 13:04:10,3.49,2,17,0,16,1
P102C,A01b41_190607-163902,A01B41,18,train,2019-06-07 16:39:02,13.69,5,750,224,203,323
P102C,A01b41_190608-110815,A01B41,19,train,2019-06-08 11:08:15,3.63,3,348,99,46,203
P102C,A01b41_190608-151814,A01B41,20,train,2019-06-08 15:18:14,9.46,3,1040,148,444,448
P102C,A01b41_190610-003946,A01B41,21,train,2019-06-10 00:39:46,5.79,5,476,225,105,146
P102C,A01b41_190610-115306,A01B41,22,train,2019-06-10 11:53:06,2.15,1,216,19,119,78
P102C,A01b41_190610-140306,A01B41,23,train,2019-06-10 14:03:06,1.23,1,52,36,0,16
P102C,A01b41_190610-153427,A01B41,24,train,2019-06-10 15:34:27,0.95,1,29,3,0,26
P102C,A01d53_190610-163232,A01D53,25,test,2019-06-10 16:32:32,10.74,6,1160,334,401,425
P102C,A01d53_190611-052829,A01D53,26,test,2019-06-11 05:28:29,2.92,3,207,33,103,71
P102C,A01d53_190611-121945,A01D53,27,test,2019-06-11 12:19:45,14.83,5,939,117,553,269
P102C,A01d53_190612-125030,A01D53,28,test,2019-06-12 12:50:30,12.88,4,1140,194,583,363
P102C,A01d53_190613-043647,A01D53,29,test,2019-06-13 04:36:47,0.64,2,74,39,0,35
P102C,A01d53_190613-142230,A01D53,30,test,2019-06-13 14:22:30,1.02,0,103,0,103,0
P102C,A01d53_190613-153047,A01D53,31,test,2019-06-13 15:30:47,0.01,0,0,0,0,0
P104C,A02160_190715-193714,A02160,0,train,2019-07-15 19:37:14,9.64,1,1130,38,1010,82
P104C,A02160_190716-144136,A02160,1,train,2019-07-16 14:41:36,12.28,1,1460,38,1340,82
P104C,A02160_190718-143844,A02160,2,train,2019-07-18 14:38:44,4.96,1,591,38,472,81
P104C,A01d53_190718-193707,A01D53,3,train,2019-07-18 19:37:07,8.67,1,250,21,195,34
P104C,A01d53_190719-134136,A01D53,4,train,2019-07-19 13:41:36,6.05,1,178,16,128,34
P104C,A02160_190719-194518,A02160,5,train,2019-07-19 19:45:18,8.43,1,954,54,771,129
P104C,A02160_190720-182822,A02160,6,train,2019-07-20 18:28:22,9.76,1,1167,38,1047,82
P104C,A02160_190721-183948,A02160,7,train,2019-07-21 18:39:48,3.65,1,435,38,316,81
P104C,A02160_190722-145552,A02160,9,train,2019-07-22 14:55:52,4.57,1,531,22,427,82
P104C,A01d53_190722-192201,A01D53,9,train,2019-07-22 19:22:01,8.91,1,173,6,138,29
P104C,A01d53_190723-144729,A01D53,10,train,2019-07-23 14:47:29,8.65,1,201,0,195,6
P104C,A01d53_190724-144321,A01D53,11,test,2019-07-24 14:43:21,13.32,1,439,2,403,34
P104C,A01d53_190725-150059,A01D53,12,test,2019-07-25 15:00:59,4.77,1,75,10,47,18
P104C,A02160_190725-194809,A02160,13,test,2019-07-25 19:48:09,7.12,2,849,153,534,162
P104C,A02160_190726-140856,A02160,14,test,2019-07-26 14:08:56,5.78,1,689,38,569,82
P104C,A01D53_190727-001100,A01D53,15,test,2019-07-27 00:11:00,1.5,1,4,0,2,2
P104C,A01D53_190727-173441,A01D53,16,test,2019-07-27 17:34:41,2.76,2,12,3,7,2
P104C,A01D53_190728-161157,A01D53,17,test,2019-07-28 16:11:57,8.66,1,151,0,151,0
P104C,A01D53_190729-142453,A01D53,18,test,2019-07-29 14:24:53,2.02,2,1,1,0,0
P105C,A02160_191017-161139,A02160,0,train,2019-10-17 16:11:39,0.04,1,3,3,0,0
P105C,A02160_191017-161449,A02160,1,train,2019-10-17 16:14:49,8.33,3,998,179,576,243
P105C,A02160_191018-134430,A02160,2,train,2019-10-18 13:44:30,2.18,3,259,113,0,146
P105C,A01AA7_191018-155614,A01AA7,4,train,2019-10-18 15:56:14,9.77,0,1171,115,810,246
P105C,A02160_191018-224748,A02160,4,train,2019-10-18 22:47:48,0.01,1,0,0,0,0
P105C,A01AA7_191019-125720,A01AA7,5,train,2019-10-19 12:57:20,11.0,0,1315,0,1315,0
P105C,A01AA7_191020-143024,A01AA7,6,train,2019-10-20 14:30:24,2.88,0,344,0,344,0
P105C,A01AA7_191020-180857,A01AA7,7,train,2019-10-20 18:08:57,8.65,0,1036,0,1036,0
P105C,A01AA7_191021-134057,A01AA7,8,train,2019-10-21 13:40:57,2.33,1,277,38,157,82
P105C,A02160_191021-160122,A02160,9,train,2019-10-21 16:01:22,10.12,1,1212,74,974,164
P105C,A02160_191022-131304,A02160,10,train,2019-10-22 13:13:04,12.35,1,1480,38,1360,82
P105C,A02160_191023-142846,A02160,11,train,2019-10-23 14:28:46,12.24,2,1467,38,1347,82
P105C,A02160_191024-132123,A02160,12,train,2019-10-24 13:21:23,1.57,1,187,38,67,82
P105C,A01aa7_191024-145637,A01AA7,13,train,2019-10-24 14:56:37,3.06,0,365,36,247,82
P105C,A01aa7_191024-185340,A01AA7,14,train,2019-10-24 18:53:40,7.45,0,890,0,890,0
P105C,A01aa7_191025-131223,A01AA7,15,train,2019-10-25 13:12:23,2.76,0,330,0,330,0
P105C,A02160_191025-155902,A02160,16,train,2019-10-25 15:59:02,1.74,3,206,38,86,82
P105C,A02160_191025-183549,A02160,17,train,2019-10-25 18:35:49,7.38,6,884,284,137,463
P105C,A02160_191026-140224,A02160,18,train,2019-10-26 14:02:24,11.69,2,1202,93,894,215
P105C,A02160_191027-142135,A02160,19,train,2019-10-27 14:21:35,11.5,3,1371,194,775,402
P105C,A02160_191028-015229,A02160,20,train,2019-10-28 01:52:29,0.01,1,0,0,0,0
P105C,A02160_191028-130550,A02160,21,train,2019-10-28 13:05:50,2.29,2,269,38,149,82
P105C,A01AA7_191028-152439,A01AA7,22,test,2019-10-28 15:24:39,7.28,1,872,108,600,164
P105C,A01AA7_191028-225706,A01AA7,23,test,2019-10-28 22:57:06,3.91,0,467,0,412,55
P105C,A01AA7_191029-131901,A01AA7,24,test,2019-10-29 13:19:01,13.12,0,1562,0,1562,0
P105C,A01AA7_191030-132746,A01AA7,25,test,2019-10-30 13:27:46,13.12,0,1572,0,1572,0
P105C,A01AA7_191031-135531,A01AA7,26,test,2019-10-31 13:55:31,1.81,0,212,0,212,0
P106C,A01fb9_191205-224014,A01FB9,2,train,2019-12-05 22:40:14,14.65,1,1757,194,1167,396
P106C,A01AA7_191205-231245,A01AA7,2,train,2019-12-05 23:12:45,5.67,1,678,117,394,167
P106C,A02160_191205-233346,A02160,2,train,2019-12-05 23:33:46,0.0,1,0,0,0,0
P106C,A01AA7_191206-163025,A01AA7,5,train,2019-12-06 16:30:25,6.08,0,676,0,594,82
P106C,A01fb9_191206-183216,A01FB9,5,train,2019-12-06 18:32:16,4.36,1,521,37,402,82
P106C,A02160_191206-223546,A02160,5,train,2019-12-06 22:35:46,7.26,1,803,113,526,164
P106C,A02160_191207-165236,A02160,6,train,2019-12-07 16:52:36,13.45,3,1612,39,1491,82
P106C,A02160_191208-160705,A02160,7,train,2019-12-08 16:07:05,14.14,3,1647,115,1286,246
P106C,A02160_191209-170205,A02160,8,train,2019-12-09 17:02:05,0.71,1,83,37,0,46
P106C,A01aa7_191209-174530,A01AA7,9,train,2019-12-09 17:45:30,15.38,0,1805,37,1686,82
P106C,A01aa7_191210-155930,A01AA7,10,train,2019-12-10 15:59:30,22.48,0,1433,0,1433,0
P106C,A01aa7_191211-200216,A01AA7,11,train,2019-12-11 20:02:16,0.09,0,10,0,10,0
P106C,A01aa7_191211-223245,A01AA7,12,train,2019-12-11 22:32:45,0.01,0,0,0,0,0
P106C,A02160_191212-181141,A02160,13,train,2019-12-12 18:11:41,10.28,1,1232,38,1112,82
P106C,A02160_191213-155217,A02160,14,train,2019-12-13 15:52:17,1.47,2,140,56,28,56
P106C,A01AA7_191213-172119,A01AA7,15,train,2019-12-13 17:21:19,10.87,1,1235,75,1030,130
P106C,A01AA7_191214-163946,A01AA7,16,train,2019-12-14 16:39:46,12.69,1,1285,27,1176,82
P106C,A01AA7_191215-161257,A01AA7,17,train,2019-12-15 16:12:57,12.23,1,1326,37,1207,82
P106C,A01AA7_191216-152515-1,A01AA7,18,train,2019-12-16 15:25:15,0.84,0,100,0,80,20
P106C,A02160_191216-170522,A02160,19,train,2019-12-16 17:05:22,0.01,1,0,0,0,0
P106C,A02160_191216-170721,A02160,20,train,2019-12-16 17:07:21,7.67,2,904,149,446,309
P106C,A02160_191217-164519,A02160,22,test,2019-12-17 16:45:19,11.12,2,1332,38,1212,82
P106C,A01fb9_191217-195723,A01FB9,22,test,2019-12-17 19:57:23,10.07,1,1207,117,844,246
P106C,A01fb9_191218-142436,A01FB9,24,test,2019-12-18 14:24:36,6.93,1,829,37,710,82
P106C,A02160_191218-144908,A02160,24,test,2019-12-18 14:49:08,16.0,2,1759,116,1417,226
P106C,A02160_191219-164134,A02160,25,test,2019-12-19 16:41:34,0.72,1,84,37,0,47
P107C,A01bb3_191113-172347,A01BB3,0,train,2019-11-13 17:23:47,0.11,1,10,10,0,0
P107C,A01bb3_191113-173252,A01BB3,1,train,2019-11-13 17:32:52,11.32,2,1276,88,1031,157
P107C,A01bb3_191114-151306,A01BB3,2,train,2019-11-14 15:13:06,14.32,1,1572,38,1452,82
P107C,A01bb3_191115-140912,A01BB3,3,train,2019-11-15 14:09:12,1.67,1,176,38,60,78
P107C,A01bb3_191115-155538,A01BB3,4,train,2019-11-15 15:55:38,1.16,1,137,63,0,74
P107C,A01fb9_191115-170539,A01FB9,5,train,2019-11-15 17:05:39,0.01,1,0,0,0,0
P107C,A01fb9_191115-172642,A01FB9,6,train,2019-11-15 17:26:42,13.12,1,1526,37,1328,161
P107C,A01fb9_191116-133617,A01FB9,7,train,2019-11-16 13:36:17,16.46,1,1944,38,1824,82
P107C,A01fb9_191117-151526,A01FB9,8,train,2019-11-17 15:15:26,4.44,1,497,37,378,82
P107C,A01fb9_191117-200532,A01FB9,9,train,2019-11-17 20:05:32,3.09,0,354,0,280,74
P107C,A01fb9_191118-004757,A01FB9,10,train,2019-11-18 00:47:57,0.02,0,0,0,0,0
P107C,A01bb3_191118-165632,A01BB3,11,train,2019-11-18 16:56:32,12.87,1,1518,38,1398,82
P107C,A01bb3_191119-135710,A01BB3,12,train,2019-11-19 13:57:10,15.44,1,1842,38,1722,82
P107C,A01bb3_191120-151628,A01BB3,13,train,2019-11-20 15:16:28,10.92,0,1240,0,1240,0
P107C,A01fb9_191121-162924,A01FB9,15,train,2019-11-21 16:29:24,10.86,2,1162,183,728,251
P107C,A01bb3_191122-000012,A01BB3,15,train,2019-11-22 00:00:12,0.01,1,0,0,0,0
P107C,A01fb9_191122-151554,A01FB9,16,train,2019-11-22 15:15:54,2.07,1,114,8,53,53
P107C,A01bb3_191122-172520,A01BB3,17,train,2019-11-22 17:25:20,12.68,1,1398,63,1216,119
P107C,A01bb3_191123-140047,A01BB3,18,test,2019-11-23 14:00:47,14.71,1,1689,38,1578,73
P107C,A01bb3_191124-165948,A01BB3,19,test,2019-11-24 16:59:48,2.19,1,261,38,141,82
P107C,A01bb3_191124-225616,A01BB3,20,test,2019-11-24 22:56:16,8.04,0,917,0,917,0
P107C,A01FB9_191125-184601,A01FB9,21,test,2019-11-25 18:46:01,10.1,1,1148,38,1028,82
P107C,A01FB9_191126-151457,A01FB9,22,test,2019-11-26 15:14:57,14.06,1,1635,37,1516,82
P107C,A01FB9_191127-155239,A01FB9,23,test,2019-11-27 15:52:39,1.2,1,127,29,19,79
P108C,A01BB3_191206-225434,A01BB3,0,train,2019-12-06 22:54:34,7.51,2,900,116,538,246
P108C,A01BB3_191207-155503,A01BB3,1,train,2019-12-07 15:55:03,9.79,3,1155,145,765,245
P108C,A01BB3_191208-181734,A01BB3,2,train,2019-12-08 18:17:34,10.1,3,1210,116,848,246
P108C,A01BB3_191209-180816,A01BB3,3,train,2019-12-09 18:08:16,4.88,2,584,116,222,246
P108C,A01FB9_191209-230144,A01FB9,4,train,2019-12-09 23:01:44,4.27,3,510,75,271,164
P108C,A01FB9_191210-173342,A01FB9,5,train,2019-12-10 17:33:42,15.95,1,1910,36,1793,81
P108C,A01FB9_191211-170304,A01FB9,6,train,2019-12-11 17:03:04,14.1,3,1690,234,1094,362
P108C,A01BB3_191212-231902,A01BB3,7,train,2019-12-12 23:19:02,5.03,1,602,38,482,82
P108C,A01BB3_191213-162436,A01BB3,8,test,2019-12-13 16:24:36,7.6,3,899,183,439,277
P108C,A01BB3_191215-083145,A01BB3,9,test,2019-12-15 08:31:45,3.52,2,419,38,299,82
P108C,A01BB3_191215-172914,A01BB3,10,test,2019-12-15 17:29:14,11.73,1,1406,38,1286,82
P109C,A02160_200110-164218,A02160,0,train,2020-01-10 16:42:18,10.42,2,1245,115,940,190
P109C,A02160_200111-190139,A02160,1,train,2020-01-11 19:01:39,6.21,4,744,194,428,122
P109C,A02160_200112-022608,A02160,2,train,2020-01-12 02:26:08,2.27,3,270,38,150,82
P109C,A02160_200112-132811,A02160,3,train,2020-01-12 13:28:11,3.81,2,358,0,281,77
P109C,A02160_200112-181526,A02160,4,train,2020-01-12 18:15:26,1.44,2,171,38,47,86
P109C,A02160_200112-194232,A02160,5,train,2020-01-12 19:42:32,3.92,2,469,75,230,164
P109C,A02160_200112-233838,A02160,6,train,2020-01-12 23:38:38,2.89,1,340,75,101,164
P109C,A02160_200113-152054,A02160,7,train,2020-01-13 15:20:54,3.61,2,432,74,276,82
P109C,A01b41_200113-190333,A01B41,8,train,2020-01-13 19:03:33,7.12,3,853,221,442,190
P109C,A01b41_200114-165217,A01B41,9,train,2020-01-14 16:52:17,7.6,3,907,191,408,308
P109C,A01b41_200115-194904,A01B41,10,train,2020-01-15 19:49:04,9.38,4,1121,271,429,421
P109C,A01b41_200116-165618,A01B41,11,train,2020-01-16 16:56:18,12.49,2,1486,116,1124,246
P109C,A01b41_200117-170307,A01B41,12,train,2020-01-17 17:03:07,4.26,1,510,38,390,82
P109C,A02160_200117-211951,A02160,13,train,2020-01-17 21:19:51,4.99,4,597,243,26,328
P109C,A02160_200118-182621,A02160,14,test,2020-01-18 18:26:21,8.27,2,990,116,628,246
P109C,A02160_200119-163330,A02160,15,test,2020-01-19 16:33:30,10.36,1,1224,38,1104,82
P109C,A02160_200120-174344,A02160,16,test,2020-01-20 17:43:44,0.83,1,98,38,0,60
P109C,A02160_200120-185637,A02160,17,test,2020-01-20 18:56:37,8.18,1,969,38,775,156
P110C,A01aa7_200207-222958,A01AA7,0,train,2020-02-07 22:29:58,7.16,1,657,78,415,164
P110C,A01aa7_200208-144058,A01AA7,1,train,2020-02-08 14:40:58,31.64,2,3487,103,3311,73
P110C,A01aa7_200210-212512,A01AA7,2,train,2020-02-10 21:25:12,2.18,0,186,0,186,0
P110C,A01bb3_200210-234138,A01BB3,4,train,2020-02-10 23:41:38,3.94,2,471,115,234,122
P110C,A01aa7_200211-003345,A01AA7,4,train,2020-02-11 00:33:45,0.03,0,0,0,0,0
P110C,A01bb3_200211-141237,A01BB3,5,train,2020-02-11 14:12:37,11.75,5,1409,198,801,410
P110C,A01bb3_200212-025849,A01BB3,6,train,2020-02-12 02:58:49,2.36,1,260,38,161,61
P110C,A01bb3_200212-143119,A01BB3,7,train,2020-02-12 14:31:19,14.03,2,1660,42,1536,82
P110C,A01bb3_200213-144459,A01BB3,8,train,2020-02-13 14:44:59,4.02,0,480,0,480,0
P110C,A01bb3_200214-155222,A01BB3,9,train,2020-02-14 15:52:22,0.04,0,4,0,4,0
P110C,A01aa7_200214-185723,A01AA7,10,train,2020-02-14 18:57:23,10.56,1,1098,70,899,129
P110C,A01aa7_200215-152745,A01AA7,11,train,2020-02-15 15:27:45,14.04,4,1321,216,702,403
P110C,A01aa7_200216-154650,A01AA7,12,train,2020-02-16 15:46:50,12.56,2,1506,156,1022,328
P110C,A01aa7_200217-142932,A01AA7,13,train,2020-02-17 14:29:32,0.09,0,9,0,9,0
P110C,A01aa7_200218-172456,A01AA7,14,test,2020-02-18 17:24:56,5.99,0,717,0,717,0
P110C,A01bb3_200218-232447,A01BB3,15,test,2020-02-18 23:24:47,6.89,1,775,38,655,82
P110C,A01bb3_200220-011537,A01BB3,16,test,2020-02-20 01:15:37,3.23,2,386,116,32,238
P110C,A01bb3_200220-222232,A01BB3,17,test,2020-02-20 22:22:32,6.33,1,756,37,637,82
P110C,A01bb3_200221-170700,A01BB3,18,test,2020-02-21 17:07:00,10.01,1,623,25,576,22
P110C,A01bb3_200222-030835,A01BB3,19,test,2020-02-22 03:08:35,1.9,1,214,71,0,143
P111C,A01b41_200207-200013,A01B41,0,train,2020-02-07 20:00:13,3.71,2,443,116,81,246
P111C,A01b41_200208-001132,A01B41,1,train,2020-02-08 00:11:32,6.1,1,717,28,546,143
P111C,A01b41_200208-143919,A01B41,2,train,2020-02-08 14:39:19,15.93,14,1783,630,377,776
P111C,A01b41_200209-161842,A01B41,3,train,2020-02-09 16:18:42,6.88,1,731,78,489,164
P111C,A01b41_200210-011646,A01B41,4,train,2020-02-10 01:16:46,0.01,0,0,0,0,0
P111C,A01fb9_200210-221221,A01FB9,5,train,2020-02-10 22:12:21,9.82,1,1161,38,1041,82
P111C,A01fb9_200211-152008,A01FB9,6,train,2020-02-11 15:20:08,2.78,2,332,38,212,82
P111C,A01fb9_200211-192036,A01FB9,7,train,2020-02-11 19:20:36,11.59,5,1389,350,539,500
P111C,A01fb9_200212-151453,A01FB9,8,train,2020-02-12 15:14:53,5.01,1,600,38,480,82
P111C,A01fb9_200212-233318,A01FB9,9,train,2020-02-12 23:33:18,3.04,0,363,0,363,0
P111C,A01fb9_200213-054240,A01FB9,10,train,2020-02-13 05:42:40,0.01,0,0,0,0,0
P111C,A01b41_200213-205631,A01B41,11,train,2020-02-13 20:56:31,4.56,1,546,38,426,82
P111C,A01b41_200214-031403,A01B41,12,train,2020-02-14 03:14:03,1.92,1,229,38,109,82
P111C,A01b41_200214-160007,A01B41,13,train,2020-02-14 16:00:07,4.86,2,582,38,462,82
P111C,A01fb9_200214-205259,A01FB9,14,train,2020-02-14 20:52:59,10.28,4,1229,306,346,577
P111C,A01fb9_200215-145749,A01FB9,15,train,2020-02-15 14:57:49,3.58,1,428,37,309,82
P111C,A01fb9_200215-191926,A01FB9,16,train,2020-02-15 19:19:26,2.44,1,288,38,144,106
P111C,A01fb9_200215-223353,A01FB9,17,train,2020-02-15 22:33:53,7.77,3,902,35,772,95
P111C,A01fb9_200216-162727,A01FB9,18,train,2020-02-16 16:27:27,6.98,0,836,0,836,0
P111C,A01fb9_200217-015039,A01FB9,19,train,2020-02-17 01:50:39,0.01,0,0,0,0,0
P111C,A01b41_200217-210212,A01B41,20,train,2020-02-17 21:02:12,8.8,1,1053,38,933,82
P111C,A01b41_200218-135013,A01B41,21,train,2020-02-18 13:50:13,2.47,1,294,38,174,82
P111C,A01b41_200218-171939,A01B41,22,train,2020-02-18 17:19:39,0.92,1,109,38,0,71
P111C,A01b41_200218-193422,A01B41,23,test,2020-02-18 19:34:22,9.46,1,1133,38,1013,82
P111C,A01b41_200219-152205,A01B41,24,test,2020-02-19 15:22:05,0.85,1,100,38,0,62
P111C,A01b41_200219-164523,A01B41,25,test,2020-02-19 16:45:23,10.8,3,1294,234,647,413
P111C,A01fb9_200221-191240,A01FB9,26,test,2020-02-21 19:12:40,11.65,1,1392,38,1272,82
P112C,A02160_200207-183104,A02160,0,train,2020-02-07 18:31:04,37.99,1,2524,40,2402,82
P112C,A02160_200209-173740,A02160,1,train,2020-02-09 17:37:40,0.16,0,17,0,17,0
P112C,A02160_200210-000026,A02160,2,train,2020-02-10 00:00:26,0.01,0,0,0,0,0
P112C,A02160_200210-002617,A02160,3,train,2020-02-10 00:26:17,0.01,0,0,0,0,0
P112C,A01d53_200210-194142,A01D53,4,train,2020-02-10 19:41:42,33.38,17,964,436,237,291
P112C,A01d53_200212-155534,A01D53,5,train,2020-02-12 15:55:34,25.35,14,283,178,30,75
P112C,A02160_200213-171701,A02160,6,train,2020-02-13 17:17:01,24.74,6,1501,445,253,803
P112C,A01d53_200214-180136,A01D53,7,test,2020-02-14 18:01:36,37.14,14,494,178,81,235
P112C,A01d53_200216-200731,A01D53,8,test,2020-02-16 20:07:31,33.72,9,905,241,356,308
