participant,sessions,groups,test_groups,tags,train_windows,train_stress,train_nostress,train_unlabeled,test_windows,test_stress,test_nostress,test_unlabeled,test_frac,train_end_utc,test_start_utc
P101C,24,24,5,19,9636,697,7409,1530,3198,54,3076,68,0.249,2019-05-05 16:36:34,2019-05-06 17:37:00
P102C,32,32,7,86,13406,2565,6847,3994,3623,717,1743,1163,0.213,2019-06-10 16:07:27,2019-06-10 16:34:02
P104C,19,18,8,22,7070,309,6039,722,2220,207,1713,300,0.239,2019-07-23 22:46:59,2019-07-24 14:47:51
P105C,27,26,5,32,15266,1319,11494,2453,4685,108,4358,219,0.235,2019-10-28 15:22:20,2019-10-28 15:24:39
P106C,26,20,3,28,17247,1071,14068,2108,5211,345,4183,683,0.232,2019-12-17 00:45:51,2019-12-17 16:45:19
P107C,24,23,6,22,14766,679,12710,1377,5777,180,5199,398,0.281,2019-11-23 06:04:50,2019-11-23 14:00:47
P108C,11,11,3,24,8561,876,6013,1672,2724,259,2024,441,0.241,2019-12-13 04:19:32,2019-12-13 16:24:36
P109C,18,18,4,40,9503,1689,5272,2542,3281,230,2507,544,0.257,2020-01-18 02:17:51,2020-01-18 18:26:21
P110C,20,19,6,26,12548,1016,9760,1772,3471,287,2617,567,0.217,2020-02-17 14:33:32,2020-02-18 17:24:56
P111C,27,27,4,49,14015,1960,8639,3416,3919,348,2932,639,0.219,2020-02-18 18:13:39,2020-02-18 19:34:22
P112C,9,9,2,61,5289,1099,2939,1251,1399,419,437,543,0.209,2020-02-14 18:00:01,2020-02-14 18:02:36
