,10s,10s,10s,10s,10s,60s,60s,60s,60s,60s
,train_auc,test_auc,test_f1,n_labels,n_test,train_auc,test_auc,test_f1,n_labels,n_test
participant,,,,,,,,,,
P101C,0.601,0.55,0.04,48440.0,18792.0,0.529,0.363,0.024,8106.0,3130.0
P102C,0.571,0.53,0.487,55525.0,14217.0,0.556,0.502,0.441,9412.0,2460.0
P104C,0.659,0.609,0.212,37435.0,11441.0,0.59,0.51,0.186,6348.0,1920.0
P105C,0.601,0.555,0.064,77190.0,26817.0,0.608,0.55,0.052,12813.0,4466.0
P106C,0.572,0.563,0.151,90688.0,27235.0,0.513,0.484,0.136,15139.0,4528.0
P107C,0.541,0.518,0.062,79624.0,31809.0,0.549,0.512,0.064,13389.0,5379.0
P108C,0.659,0.373,0.123,41579.0,13755.0,0.608,0.665,0.316,6889.0,2283.0
P109C,0.612,0.366,0.107,42111.0,16356.0,0.582,0.301,0.076,6961.0,2737.0
P110C,0.557,0.578,0.195,63783.0,17301.0,0.549,0.469,0.187,10776.0,2904.0
P111C,0.568,0.376,0.148,63801.0,19730.0,0.599,0.419,0.126,10599.0,3280.0
P112C,0.73,0.401,0.503,19480.0,8636.0,0.706,0.44,0.606,4038.0,856.0
MEAN,0.606,0.493,0.19,56332.364,18735.364,0.581,0.474,0.201,9497.273,3085.727
