pid,n_stress,n_nostress,EDA_train,EDA_test,HR_train,HR_test,EDA+HR_train,EDA+HR_test
P101C,247.0,10477.0,0.77,0.751,0.61,0.538,0.777,0.719
P102C,945.0,8610.0,0.619,0.599,0.568,0.517,0.625,0.575
P104C,182.0,7737.0,0.499,0.374,0.664,0.596,0.678,0.519
P105C,429.0,15844.0,0.564,0.504,0.61,0.516,0.672,0.549
P106C,487.0,18249.0,0.56,0.451,0.554,0.5,0.59,0.486
P107C,336.0,17906.0,0.556,0.4,0.544,0.493,0.586,0.418
P108C,330.0,8037.0,0.623,0.422,0.557,0.446,0.627,0.421
P109C,595.0,7776.0,0.536,0.468,0.572,0.541,0.587,0.51
P110C,386.0,12365.0,0.585,0.463,0.562,0.492,0.601,0.494
P111C,739.0,11571.0,0.57,0.556,0.607,0.58,0.627,0.593
P112C,420.0,3385.0,0.719,0.509,0.574,0.506,0.756,0.517
MEAN,463.273,11087.0,0.6,0.5,0.584,0.52,0.648,0.527
