participant,session,device,group,split,start_utc,hours,n_tags,n_windows,n_stress_windows,n_nostress_windows
P101C,A01f4c_190429-184613,A01F4C,0,test,2019-04-29 18:46:13,3.16,0,296,34,262
P101C,A01f4c_190430-034436,A01F4C,1,train,2019-04-30 03:44:36,7.35,0,881,0,881
P101C,A01f4c_190430-161241,A01F4C,2,test,2019-04-30 16:12:41,6.85,2,657,78,579
P101C,A01f4c_190430-234943,A01F4C,3,train,2019-04-30 23:49:43,3.18,0,380,0,380
P101C,A01f4c_190501-173539,A01F4C,4,test,2019-05-01 17:35:39,11.38,0,1364,0,1364
P101C,A01f4c_190502-165445,A01F4C,5,train,2019-05-02 16:54:45,4.32,1,435,38,397
P101C,A01f4c_190503-171525,A01F4C,6,train,2019-05-03 17:15:25,9.52,0,1059,15,1044
P101C,A01f4c_190504-200436,A01F4C,7,train,2019-05-04 20:04:36,8.72,2,717,156,561
P101C,A01f4c_190505-153004,A01F4C,8,train,2019-05-05 15:30:04,1.13,0,134,0,134
P101C,A01f4c_190506-173700,A01F4C,9,train,2019-05-06 17:37:00,7.65,0,917,0,917
P101C,A01f4c_190507-181335,A01F4C,10,train,2019-05-07 18:13:35,9.43,0,1130,0,1130
P101C,A01f4c_190508-174012,A01F4C,11,train,2019-05-08 17:40:12,0.61,0,72,0,72
P101C,A01fb9_190426-184819,A01FB9,12,test,2019-04-26 18:48:19,7.21,1,782,38,744
P101C,A01fb9_190428-004357,A01FB9,13,train,2019-04-28 00:43:57,3.14,2,294,51,243
P101C,A01fb9_190428-100948,A01FB9,14,test,2019-04-28 10:09:48,0.01,1,0,0,0
P101C,A01fb9_190428-101113,A01FB9,15,train,2019-04-28 10:11:13,2.31,1,112,75,37
P101C,A01fb9_190428-184956,A01FB9,16,train,2019-04-28 18:49:56,0.65,2,39,39,0
P101C,A01fb9_190428-223702,A01FB9,17,train,2019-04-28 22:37:02,5.83,1,616,38,578
P101C,A01fb9_190429-164951,A01FB9,18,train,2019-04-29 16:49:51,1.9,1,145,38,107
P101C,A01fb9_190502-211553,A01FB9,19,train,2019-05-02 21:15:53,2.11,1,88,73,15
P101C,A01fb9_190503-041111,A01FB9,20,train,2019-05-03 04:11:11,1.96,1,152,38,114
P101C,A01fb9_190503-125647,A01FB9,21,test,2019-05-03 12:56:47,4.11,1,410,38,372
P101C,A01fb9_190509-233114,A01FB9,22,test,2019-05-09 23:31:14,9.02,1,999,38,961
P101C,A01fb9_190510-163929,A01FB9,23,train,2019-05-10 16:39:29,0.21,1,23,23,0
P102C,A01B41_190604-145250,A01B41,0,test,2019-06-04 14:52:50,10.6,3,961,194,767
P102C,A01D53_190606-165906,A01D53,1,test,2019-06-06 16:59:06,1.54,1,102,38,64
P102C,A01D53_190607-011929,A01D53,2,train,2019-06-07 01:19:29,3.15,1,295,38,257
P102C,A01D53_190607-130410,A01D53,3,train,2019-06-07 13:04:10,3.49,2,335,41,294
P102C,A01b41_190530-021557,A01B41,4,train,2019-05-30 02:15:57,0.0,1,0,0,0
P102C,A01b41_190530-163603,A01B41,5,train,2019-05-30 16:36:03,10.54,2,1181,38,1143
P102C,A01b41_190531-034627,A01B41,6,train,2019-05-31 03:46:27,12.84,1,1414,38,1376
P102C,A01b41_190603-165328,A01B41,7,train,2019-06-03 16:53:28,12.04,4,1115,246,869
P102C,A01b41_190605-033247,A01B41,8,train,2019-06-05 03:32:47,3.73,2,364,39,325
P102C,A01b41_190605-152734,A01B41,9,test,2019-06-05 15:27:34,15.75,2,1561,156,1405
P102C,A01b41_190606-102523,A01B41,10,train,2019-06-06 10:25:23,0.03,0,3,0,3
P102C,A01b41_190606-145018,A01B41,11,test,2019-06-06 14:50:18,0.02,0,1,0,1
P102C,A01b41_190607-163902,A01B41,12,test,2019-06-07 16:39:02,13.69,5,821,377,444
P102C,A01b41_190608-110815,A01B41,13,train,2019-06-08 11:08:15,3.63,3,211,135,76
P102C,A01b41_190608-151814,A01B41,14,test,2019-06-08 15:18:14,9.46,3,667,194,473
P102C,A01b41_190610-003946,A01B41,15,train,2019-06-10 00:39:46,5.79,5,461,272,189
P102C,A01b41_190610-115306,A01B41,16,test,2019-06-10 11:53:06,2.15,1,175,38,137
P102C,A01b41_190610-140306,A01B41,17,train,2019-06-10 14:03:06,1.23,1,75,75,0
P102C,A01b41_190610-153427,A01B41,18,train,2019-06-10 15:34:27,0.95,1,42,42,0
P102C,A01d53_190531-163843,A01D53,19,test,2019-05-31 16:38:43,13.65,13,881,827,54
P102C,A01d53_190601-142028,A01D53,20,train,2019-06-01 14:20:28,0.65,1,38,38,0
P102C,A01d53_190601-155914,A01D53,21,train,2019-06-01 15:59:14,8.63,6,463,374,89
P102C,A01d53_190602-011648,A01D53,22,train,2019-06-02 01:16:48,5.26,1,507,38,469
P102C,A01d53_190602-154348,A01D53,23,train,2019-06-02 15:43:48,15.1,7,995,428,567
P102C,A01d53_190603-133712,A01D53,24,train,2019-06-03 13:37:12,1.94,0,231,0,231
P102C,A01d53_190610-163232,A01D53,25,train,2019-06-10 16:32:32,10.74,6,809,386,423
P102C,A01d53_190611-052829,A01D53,26,train,2019-06-11 05:28:29,2.92,3,267,39,228
P102C,A01d53_190611-121945,A01D53,27,train,2019-06-11 12:19:45,14.83,5,1206,273,933
P102C,A01d53_190612-125030,A01D53,28,test,2019-06-12 12:50:30,12.88,4,1173,194,979
P102C,A01d53_190613-043647,A01D53,29,train,2019-06-13 04:36:47,0.64,2,39,39,0
P102C,A01d53_190613-142230,A01D53,30,train,2019-06-13 14:22:30,1.02,0,121,0,121
P102C,A01d53_190613-153047,A01D53,31,test,2019-06-13 15:30:47,0.01,0,0,0,0
P104C,A01D53_190727-001100,A01D53,0,test,2019-07-27 00:11:00,1.5,1,97,38,59
P104C,A01D53_190727-173441,A01D53,1,test,2019-07-27 17:34:41,2.76,2,248,38,210
P104C,A01D53_190728-161157,A01D53,2,train,2019-07-28 16:11:57,8.66,1,956,38,918
P104C,A01D53_190729-142453,A01D53,3,test,2019-07-29 14:24:53,2.02,2,159,101,58
P104C,A01d53_190718-193707,A01D53,4,train,2019-07-18 19:37:07,8.67,1,875,75,800
P104C,A01d53_190719-134136,A01D53,5,test,2019-07-19 13:41:36,6.05,1,644,39,605
P104C,A01d53_190722-192201,A01D53,6,train,2019-07-22 19:22:01,8.91,1,903,92,811
P104C,A01d53_190723-144729,A01D53,7,train,2019-07-23 14:47:29,8.65,1,955,38,917
P104C,A01d53_190724-144321,A01D53,8,test,2019-07-24 14:43:21,13.32,1,1515,38,1477
P104C,A01d53_190725-150059,A01D53,9,train,2019-07-25 15:00:59,4.77,1,489,38,451
P104C,A02160_190715-193714,A02160,10,train,2019-07-15 19:37:14,9.64,1,1073,38,1035
P104C,A02160_190716-144136,A02160,11,train,2019-07-16 14:41:36,12.28,1,1390,38,1352
P104C,A02160_190718-143844,A02160,12,train,2019-07-18 14:38:44,4.96,1,512,38,474
P104C,A02160_190719-194518,A02160,13,train,2019-07-19 19:45:18,8.43,1,846,75,771
P104C,A02160_190720-182822,A02160,14,train,2019-07-20 18:28:22,9.76,1,1088,38,1050
P104C,A02160_190721-183948,A02160,15,train,2019-07-21 18:39:48,3.65,1,355,38,317
P104C,A02160_190722-145552,A02160,6,train,2019-07-22 14:55:52,4.57,1,465,38,427
P104C,A02160_190725-194809,A02160,16,train,2019-07-25 19:48:09,7.12,2,687,153,534
P104C,A02160_190726-140856,A02160,17,train,2019-07-26 14:08:56,5.78,1,610,38,572
P105C,A01AA7_191018-155614,A01AA7,0,test,2019-10-18 15:56:14,9.77,0,925,115,810
P105C,A01AA7_191019-125720,A01AA7,1,test,2019-10-19 12:57:20,11.0,0,1319,0,1319
P105C,A01AA7_191020-143024,A01AA7,2,train,2019-10-20 14:30:24,2.88,0,344,0,344
P105C,A01AA7_191020-180857,A01AA7,3,test,2019-10-20 18:08:57,8.65,0,1037,0,1037
P105C,A01AA7_191021-134057,A01AA7,4,test,2019-10-21 13:40:57,2.33,1,196,39,157
P105C,A01AA7_191028-152439,A01AA7,5,train,2019-10-28 15:24:39,7.28,1,708,108,600
P105C,A01AA7_191028-225706,A01AA7,6,train,2019-10-28 22:57:06,3.91,0,412,0,412
P105C,A01AA7_191029-131901,A01AA7,7,train,2019-10-29 13:19:01,13.12,0,1573,0,1573
P105C,A01AA7_191030-132746,A01AA7,8,train,2019-10-30 13:27:46,13.12,0,1572,0,1572
P105C,A01AA7_191031-135531,A01AA7,9,train,2019-10-31 13:55:31,1.81,0,215,0,215
P105C,A01aa7_191024-145637,A01AA7,10,train,2019-10-24 14:56:37,3.06,0,283,36,247
P105C,A01aa7_191024-185340,A01AA7,11,train,2019-10-24 18:53:40,7.45,0,892,0,892
P105C,A01aa7_191025-131223,A01AA7,12,train,2019-10-25 13:12:23,2.76,0,330,0,330
P105C,A02160_191017-161139,A02160,13,train,2019-10-17 16:11:39,0.04,1,3,3,0
P105C,A02160_191017-161449,A02160,14,test,2019-10-17 16:14:49,8.33,3,755,179,576
P105C,A02160_191018-134430,A02160,15,train,2019-10-18 13:44:30,2.18,3,114,114,0
P105C,A02160_191018-224748,A02160,0,test,2019-10-18 22:47:48,0.01,1,0,0,0
P105C,A02160_191021-160122,A02160,16,train,2019-10-21 16:01:22,10.12,1,1049,75,974
P105C,A02160_191022-131304,A02160,17,train,2019-10-22 13:13:04,12.35,1,1398,38,1360
P105C,A02160_191023-142846,A02160,18,train,2019-10-23 14:28:46,12.24,2,1385,38,1347
P105C,A02160_191024-132123,A02160,19,train,2019-10-24 13:21:23,1.57,1,105,38,67
P105C,A02160_191025-155902,A02160,20,train,2019-10-25 15:59:02,1.74,3,126,39,87
P105C,A02160_191025-183549,A02160,21,train,2019-10-25 18:35:49,7.38,6,421,284,137
P105C,A02160_191026-140224,A02160,22,test,2019-10-26 14:02:24,11.69,2,1156,116,1040
P105C,A02160_191027-142135,A02160,23,test,2019-10-27 14:21:35,11.5,3,976,194,782
P105C,A02160_191028-015229,A02160,24,test,2019-10-28 01:52:29,0.01,1,0,0,0
P105C,A02160_191028-130550,A02160,25,train,2019-10-28 13:05:50,2.29,2,192,38,154
P106C,A01AA7_191205-231245,A01AA7,0,test,2019-12-05 23:12:45,5.67,1,512,117,395
P106C,A01AA7_191206-163025,A01AA7,1,train,2019-12-06 16:30:25,6.08,0,646,1,645
P106C,A01AA7_191213-172119,A01AA7,2,train,2019-12-13 17:21:19,10.87,1,1138,75,1063
P106C,A01AA7_191214-163946,A01AA7,3,train,2019-12-14 16:39:46,12.69,1,1439,38,1401
P106C,A01AA7_191215-161257,A01AA7,4,train,2019-12-15 16:12:57,12.23,1,1385,38,1347
P106C,A01AA7_191216-152515-1,A01AA7,5,train,2019-12-16 15:25:15,0.84,0,80,0,80
P106C,A01aa7_191209-174530,A01AA7,6,train,2019-12-09 17:45:30,15.38,0,1762,37,1725
P106C,A01aa7_191210-155930,A01AA7,7,train,2019-12-10 15:59:30,22.48,0,2697,0,2697
P106C,A01aa7_191211-200216,A01AA7,8,train,2019-12-11 20:02:16,0.09,0,10,0,10
P106C,A01aa7_191211-223245,A01AA7,9,test,2019-12-11 22:32:45,0.01,0,0,0,0
P106C,A01fb9_191205-224014,A01FB9,0,test,2019-12-05 22:40:14,14.65,1,1361,194,1167
P106C,A01fb9_191206-183216,A01FB9,1,train,2019-12-06 18:32:16,4.36,1,440,38,402
P106C,A01fb9_191217-195723,A01FB9,10,train,2019-12-17 19:57:23,10.07,1,961,117,844
P106C,A01fb9_191218-142436,A01FB9,11,train,2019-12-18 14:24:36,6.93,1,748,38,710
P106C,A02160_191205-233346,A02160,0,test,2019-12-05 23:33:46,0.0,1,0,0,0
P106C,A02160_191206-223546,A02160,1,train,2019-12-06 22:35:46,7.26,1,706,113,593
P106C,A02160_191207-165236,A02160,12,train,2019-12-07 16:52:36,13.45,3,1530,39,1491
P106C,A02160_191208-160705,A02160,13,test,2019-12-08 16:07:05,14.14,3,1450,116,1334
P106C,A02160_191209-170205,A02160,14,train,2019-12-09 17:02:05,0.71,1,38,38,0
P106C,A02160_191212-181141,A02160,15,test,2019-12-12 18:11:41,10.28,1,1150,38,1112
P106C,A02160_191213-155217,A02160,16,train,2019-12-13 15:52:17,1.47,2,93,65,28
P106C,A02160_191216-170522,A02160,17,test,2019-12-16 17:05:22,0.01,1,0,0,0
P106C,A02160_191216-170721,A02160,18,test,2019-12-16 17:07:21,7.67,2,598,152,446
P106C,A02160_191217-164519,A02160,10,train,2019-12-17 16:45:19,11.12,2,1251,38,1213
P106C,A02160_191218-144908,A02160,11,train,2019-12-18 14:49:08,16.0,2,1673,117,1556
P106C,A02160_191219-164134,A02160,19,train,2019-12-19 16:41:34,0.72,1,38,38,0
P107C,A01FB9_191125-184601,A01FB9,0,test,2019-11-25 18:46:01,10.1,1,1128,38,1090
P107C,A01FB9_191126-151457,A01FB9,1,test,2019-11-26 15:14:57,14.06,1,1604,38,1566
P107C,A01FB9_191127-155239,A01FB9,2,train,2019-11-27 15:52:39,1.2,1,60,38,22
P107C,A01bb3_191113-172347,A01BB3,3,test,2019-11-13 17:23:47,0.11,1,11,11,0
P107C,A01bb3_191113-173252,A01BB3,4,train,2019-11-13 17:32:52,11.32,2,1192,107,1085
P107C,A01bb3_191114-151306,A01BB3,5,test,2019-11-14 15:13:06,14.32,1,1635,38,1597
P107C,A01bb3_191115-140912,A01BB3,6,train,2019-11-15 14:09:12,1.67,1,116,38,78
P107C,A01bb3_191115-155538,A01BB3,7,train,2019-11-15 15:55:38,1.16,1,64,64,0
P107C,A01bb3_191118-165632,A01BB3,8,test,2019-11-18 16:56:32,12.87,1,1460,38,1422
P107C,A01bb3_191119-135710,A01BB3,9,train,2019-11-19 13:57:10,15.44,1,1769,38,1731
P107C,A01bb3_191120-151628,A01BB3,10,test,2019-11-20 15:16:28,10.92,0,1309,0,1309
P107C,A01bb3_191122-000012,A01BB3,11,train,2019-11-22 00:00:12,0.01,1,0,0,0
P107C,A01bb3_191122-172520,A01BB3,12,train,2019-11-22 17:25:20,12.68,1,1356,65,1291
P107C,A01bb3_191123-140047,A01BB3,13,train,2019-11-23 14:00:47,14.71,1,1682,38,1644
P107C,A01bb3_191124-165948,A01BB3,14,train,2019-11-24 16:59:48,2.19,1,179,38,141
P107C,A01bb3_191124-225616,A01BB3,15,train,2019-11-24 22:56:16,8.04,0,963,0,963
P107C,A01fb9_191115-170539,A01FB9,16,test,2019-11-15 17:05:39,0.01,1,0,0,0
P107C,A01fb9_191115-172642,A01FB9,17,train,2019-11-15 17:26:42,13.12,1,1412,38,1374
P107C,A01fb9_191116-133617,A01FB9,18,train,2019-11-16 13:36:17,16.46,1,1892,38,1854
P107C,A01fb9_191117-151526,A01FB9,19,train,2019-11-17 15:15:26,4.44,1,450,38,412
P107C,A01fb9_191117-200532,A01FB9,20,train,2019-11-17 20:05:32,3.09,0,296,0,296
P107C,A01fb9_191118-004757,A01FB9,21,train,2019-11-18 00:47:57,0.02,0,1,0,1
P107C,A01fb9_191121-162924,A01FB9,11,train,2019-11-21 16:29:24,10.86,2,1021,194,827
P107C,A01fb9_191122-151554,A01FB9,22,train,2019-11-22 15:15:54,2.07,1,164,38,126
P108C,A01BB3_191206-225434,A01BB3,0,test,2019-12-06 22:54:34,7.51,2,654,116,538
P108C,A01BB3_191207-155503,A01BB3,1,train,2019-12-07 15:55:03,9.79,3,928,163,765
P108C,A01BB3_191208-181734,A01BB3,2,train,2019-12-08 18:17:34,10.1,3,965,117,848
P108C,A01BB3_191209-180816,A01BB3,3,train,2019-12-09 18:08:16,4.88,2,338,116,222
P108C,A01BB3_191212-231902,A01BB3,4,train,2019-12-12 23:19:02,5.03,1,520,38,482
P108C,A01BB3_191213-162436,A01BB3,5,test,2019-12-13 16:24:36,7.6,3,633,194,439
P108C,A01BB3_191215-083145,A01BB3,6,train,2019-12-15 08:31:45,3.52,2,339,38,301
P108C,A01BB3_191215-172914,A01BB3,7,train,2019-12-15 17:29:14,11.73,1,1324,38,1286
P108C,A01FB9_191209-230144,A01FB9,8,train,2019-12-09 23:01:44,4.27,3,347,76,271
P108C,A01FB9_191210-173342,A01FB9,9,test,2019-12-10 17:33:42,15.95,1,1831,38,1793
P108C,A01FB9_191211-170304,A01FB9,10,train,2019-12-11 17:03:04,14.1,3,1329,234,1095
P109C,A01b41_200113-190333,A01B41,0,test,2020-01-13 19:03:33,7.12,3,663,221,442
P109C,A01b41_200114-165217,A01B41,1,test,2020-01-14 16:52:17,7.6,3,602,194,408
P109C,A01b41_200115-194904,A01B41,2,train,2020-01-15 19:49:04,9.38,4,701,272,429
P109C,A01b41_200116-165618,A01B41,3,test,2020-01-16 16:56:18,12.49,2,1251,116,1135
P109C,A01b41_200117-170307,A01B41,4,train,2020-01-17 17:03:07,4.26,1,428,38,390
P109C,A02160_200110-164218,A02160,5,test,2020-01-10 16:42:18,10.42,2,1056,116,940
P109C,A02160_200111-190139,A02160,6,train,2020-01-11 19:01:39,6.21,4,622,194,428
P109C,A02160_200112-022608,A02160,7,train,2020-01-12 02:26:08,2.27,3,188,38,150
P109C,A02160_200112-132811,A02160,8,test,2020-01-12 13:28:11,3.81,2,374,38,336
P109C,A02160_200112-181526,A02160,9,train,2020-01-12 18:15:26,1.44,2,85,38,47
P109C,A02160_200112-194232,A02160,10,train,2020-01-12 19:42:32,3.92,2,305,75,230
P109C,A02160_200112-233838,A02160,11,train,2020-01-12 23:38:38,2.89,1,181,75,106
P109C,A02160_200113-152054,A02160,12,train,2020-01-13 15:20:54,3.61,2,350,74,276
P109C,A02160_200117-211951,A02160,13,train,2020-01-17 21:19:51,4.99,4,269,243,26
P109C,A02160_200118-182621,A02160,14,train,2020-01-18 18:26:21,8.27,2,745,116,629
P109C,A02160_200119-163330,A02160,15,train,2020-01-19 16:33:30,10.36,1,1159,38,1121
P109C,A02160_200120-174344,A02160,16,train,2020-01-20 17:43:44,0.83,1,38,38,0
P109C,A02160_200120-185637,A02160,17,train,2020-01-20 18:56:37,8.18,1,824,38,786
P110C,A01aa7_200207-222958,A01AA7,0,test,2020-02-07 22:29:58,7.16,1,694,78,616
P110C,A01aa7_200208-144058,A01AA7,1,train,2020-02-08 14:40:58,31.64,2,3632,122,3510
P110C,A01aa7_200210-212512,A01AA7,2,train,2020-02-10 21:25:12,2.18,0,260,0,260
P110C,A01aa7_200211-003345,A01AA7,3,train,2020-02-11 00:33:45,0.03,0,2,0,2
P110C,A01aa7_200214-185723,A01AA7,4,train,2020-02-14 18:57:23,10.56,1,1101,78,1023
P110C,A01aa7_200215-152745,A01AA7,5,train,2020-02-15 15:27:45,14.04,4,1191,234,957
P110C,A01aa7_200216-154650,A01AA7,6,train,2020-02-16 15:46:50,12.56,2,1178,156,1022
P110C,A01aa7_200217-142932,A01AA7,7,train,2020-02-17 14:29:32,0.09,0,9,0,9
P110C,A01aa7_200218-172456,A01AA7,8,train,2020-02-18 17:24:56,5.99,0,717,0,717
P110C,A01bb3_200210-234138,A01BB3,3,train,2020-02-10 23:41:38,3.94,2,350,116,234
P110C,A01bb3_200211-141237,A01BB3,9,train,2020-02-11 14:12:37,11.75,5,999,198,801
P110C,A01bb3_200212-025849,A01BB3,10,train,2020-02-12 02:58:49,2.36,1,199,38,161
P110C,A01bb3_200212-143119,A01BB3,11,train,2020-02-12 14:31:19,14.03,2,1600,42,1558
P110C,A01bb3_200213-144459,A01BB3,12,test,2020-02-13 14:44:59,4.02,0,481,0,481
P110C,A01bb3_200214-155222,A01BB3,13,test,2020-02-14 15:52:22,0.04,0,4,0,4
P110C,A01bb3_200218-232447,A01BB3,14,test,2020-02-18 23:24:47,6.89,1,743,38,705
P110C,A01bb3_200220-011537,A01BB3,15,train,2020-02-20 01:15:37,3.23,2,148,116,32
P110C,A01bb3_200220-222232,A01BB3,16,test,2020-02-20 22:22:32,6.33,1,676,38,638
P110C,A01bb3_200221-170700,A01BB3,17,test,2020-02-21 17:07:00,10.01,1,1118,38,1080
P110C,A01bb3_200222-030835,A01BB3,18,train,2020-02-22 03:08:35,1.9,1,75,75,0
P111C,A01b41_200207-200013,A01B41,0,test,2020-02-07 20:00:13,3.71,2,197,116,81
P111C,A01b41_200208-001132,A01B41,1,test,2020-02-08 00:11:32,6.1,1,585,38,547
P111C,A01b41_200208-143919,A01B41,2,train,2020-02-08 14:39:19,15.93,14,1073,673,400
P111C,A01b41_200209-161842,A01B41,3,train,2020-02-09 16:18:42,6.88,1,661,78,583
P111C,A01b41_200210-011646,A01B41,4,train,2020-02-10 01:16:46,0.01,0,0,0,0
P111C,A01b41_200213-205631,A01B41,5,train,2020-02-13 20:56:31,4.56,1,464,38,426
P111C,A01b41_200214-031403,A01B41,6,test,2020-02-14 03:14:03,1.92,1,147,38,109
P111C,A01b41_200214-160007,A01B41,7,train,2020-02-14 16:00:07,4.86,2,500,38,462
P111C,A01b41_200217-210212,A01B41,8,train,2020-02-17 21:02:12,8.8,1,972,38,934
P111C,A01b41_200218-135013,A01B41,9,test,2020-02-18 13:50:13,2.47,1,212,38,174
P111C,A01b41_200218-171939,A01B41,10,train,2020-02-18 17:19:39,0.92,1,38,38,0
P111C,A01b41_200218-193422,A01B41,11,train,2020-02-18 19:34:22,9.46,1,1051,38,1013
P111C,A01b41_200219-152205,A01B41,12,train,2020-02-19 15:22:05,0.85,1,38,38,0
P111C,A01b41_200219-164523,A01B41,13,train,2020-02-19 16:45:23,10.8,3,882,234,648
P111C,A01fb9_200210-221221,A01FB9,14,test,2020-02-10 22:12:21,9.82,1,1094,38,1056
P111C,A01fb9_200211-152008,A01FB9,15,train,2020-02-11 15:20:08,2.78,2,250,38,212
P111C,A01fb9_200211-192036,A01FB9,16,test,2020-02-11 19:20:36,11.59,5,889,350,539
P111C,A01fb9_200212-151453,A01FB9,17,train,2020-02-12 15:14:53,5.01,1,518,38,480
P111C,A01fb9_200212-233318,A01FB9,18,train,2020-02-12 23:33:18,3.04,0,363,0,363
P111C,A01fb9_200213-054240,A01FB9,19,test,2020-02-13 05:42:40,0.01,0,0,0,0
P111C,A01fb9_200214-205259,A01FB9,20,train,2020-02-14 20:52:59,10.28,4,655,309,346
P111C,A01fb9_200215-145749,A01FB9,21,train,2020-02-15 14:57:49,3.58,1,347,38,309
P111C,A01fb9_200215-191926,A01FB9,22,train,2020-02-15 19:19:26,2.44,1,182,38,144
P111C,A01fb9_200215-223353,A01FB9,23,test,2020-02-15 22:33:53,7.77,3,824,38,786
P111C,A01fb9_200216-162727,A01FB9,24,train,2020-02-16 16:27:27,6.98,0,837,0,837
P111C,A01fb9_200217-015039,A01FB9,25,test,2020-02-17 01:50:39,0.01,0,0,0,0
P111C,A01fb9_200221-191240,A01FB9,26,train,2020-02-21 19:12:40,11.65,1,1314,38,1276
P112C,A01d53_200210-194142,A01D53,0,test,2020-02-10 19:41:42,33.38,17,3334,876,2458
P112C,A01d53_200212-155534,A01D53,1,test,2020-02-12 15:55:34,25.35,14,2529,757,1772
P112C,A01d53_200214-180136,A01D53,2,train,2020-02-14 18:01:36,37.14,14,3600,720,2880
P112C,A01d53_200216-200731,A01D53,3,train,2020-02-16 20:07:31,33.72,9,3076,577,2499
P112C,A02160_200207-183104,A02160,4,train,2020-02-07 18:31:04,37.99,1,4476,40,4436
P112C,A02160_200209-173740,A02160,5,train,2020-02-09 17:37:40,0.16,0,17,0,17
P112C,A02160_200210-000026,A02160,6,test,2020-02-10 00:00:26,0.01,0,0,0,0
P112C,A02160_200210-002617,A02160,7,train,2020-02-10 00:26:17,0.01,0,0,0,0
P112C,A02160_200213-171701,A02160,8,train,2020-02-13 17:17:01,24.74,6,2161,466,1695
