participant,n_sessions,n_groups,n_test_groups,n_tags,hours,train_windows,train_stress,test_windows,test_stress,dropped_buffer_hours
P101C,24,24,7,19,111.8,7194,584,4508,226,13.6
P102C,32,32,10,86,198.9,10172,2579,6342,2018,59.5
P104C,19,18,5,22,131.5,11204,775,2663,254,15.3
P105C,27,26,8,32,168.6,11122,811,6364,643,22.0
P106C,26,20,6,28,205.2,16635,830,5071,617,23.5
P107C,24,23,7,22,180.8,12617,772,7147,163,15.5
P108C,11,11,3,24,94.5,6090,820,3118,348,17.2
P109C,18,18,5,40,108.0,5895,1277,3946,685,25.1
P110C,20,19,6,26,148.7,11461,1175,3716,192,21.5
P111C,27,27,9,49,152.2,10145,1712,3948,656,33.6
P112C,9,9,3,61,192.5,13330,1803,5863,1633,31.6
