participant,n_tags,n_stress,n_nostress,folds,EDA_train_auc,EDA_test_auc,EDA+HRV_train_auc,EDA+HRV_test_auc
P101C,19.0,20.0,2141.0,4.0,0.8896781663874562,0.7220896391152503,0.9927747872968018,0.5740104772991851
P102C,86.0,130.0,1544.0,5.0,0.7023369345373064,0.5034675169390195,0.8459679334036496,0.5278846153846154
P104C,22.0,2.0,1464.0,0.0,,,,
P105C,32.0,128.0,4314.0,4.0,0.6024137082415684,0.41793961699813553,0.800686232038595,0.560769014139217
P106C,28.0,121.0,4409.0,4.0,0.6783906989527506,0.5740497811204882,0.898091943961342,0.6429591732622035
P107C,22.0,20.0,1201.0,4.0,0.8437052265048701,0.8263713080168777,0.9536547688738559,0.8345991561181434
P108C,24.0,81.0,1945.0,4.0,0.7446953707067252,0.2820280709014414,0.9164625250367913,0.643475412097386
P109C,40.0,92.0,1750.0,4.0,0.6349916914263625,0.6421802193182217,0.8891593543896608,0.5289037592404442
P110C,26.0,96.0,2421.0,3.0,0.6620972544796947,0.5453832928802589,0.8622054826208999,0.3597711030204962
P111C,49.0,107.0,975.0,5.0,0.5984700372431211,0.461509705248023,0.8552672760724856,0.49873951593577753
P112C,61.0,41.0,236.0,4.0,0.79565538119301,0.6790123456790123,0.8876401801040033,0.6205962059620597
MEAN,37.18181818181818,76.18181818181819,2036.3636363636363,3.727272727272727,0.7152434469672866,0.5654031496216728,0.8901910483798087,0.5791708432459528
