participant,model,fold,n_test,n_test_stress,train_auc,test_auc
P101C,EDA,0,349,14,0.8919342930970838,0.9113006396588487
P101C,EDA+HRV,0,349,14,0.9998154300479882,0.7140724946695095
P101C,EDA,2,435,3,0.8962585619385262,0.8888888888888888
P101C,EDA+HRV,2,435,3,0.9897428836953154,0.6080246913580247
P101C,EDA,3,450,2,0.9153048500360963,0.10825892857142855
P101C,EDA+HRV,3,450,2,0.9915337664894663,0.1584821428571429
P101C,EDA,4,504,1,0.8552149604781183,0.731610337972167
P101C,EDA+HRV,4,504,1,0.9900070689544374,0.7833001988071571
P102C,EDA,0,478,10,0.6765954151177199,0.2967948717948718
P102C,EDA+HRV,0,478,10,0.8056381660470879,0.5068376068376068
P102C,EDA,1,270,13,0.6816621175595534,0.5653995809637833
P102C,EDA+HRV,1,270,13,0.8728574369600011,0.6483088895540257
P102C,EDA,2,406,32,0.7495028780743066,0.4827874331550802
P102C,EDA+HRV,2,406,32,0.8942874585731728,0.5520554812834224
P102C,EDA,3,169,32,0.7115443192202255,0.6265967153284672
P102C,EDA+HRV,3,169,32,0.8400997925822781,0.48243613138686126
P102C,EDA,4,351,43,0.6923799427147268,0.5920416792509815
P102C,EDA+HRV,4,351,43,0.8169568128557081,0.5596496526729084
P105C,EDA,0,866,23,0.5648680907107874,0.631956263860952
P105C,EDA+HRV,0,866,23,0.7881713791826152,0.6343803187374284
P105C,EDA,1,980,29,0.5813712504167455,0.5730447079299467
P105C,EDA+HRV,1,980,29,0.8299708353231994,0.52380434388484
P105C,EDA,2,710,29,0.590743660107822,0.35561294242746466
P105C,EDA+HRV,2,710,29,0.7748250465013472,0.4713150032913059
P105C,EDA,3,790,47,0.6726718317309188,0.36828842243922
P105C,EDA+HRV,3,790,47,0.8097776671472182,0.520804100684402
P106C,EDA,0,801,47,0.7009317114652271,0.58578362210057
P106C,EDA+HRV,0,801,47,0.9174880763116058,0.5502850047971104
P106C,EDA,1,906,23,0.708506488244759,0.38327834950022155
P106C,EDA+HRV,1,906,23,0.8521985368168821,0.8418435176522724
P106C,EDA,3,944,30,0.6165416843528432,0.8165207877461707
P106C,EDA+HRV,3,944,30,0.9191089311260986,0.675674690007294
P106C,EDA,4,872,21,0.6875829117481731,0.6050584746236921
P106C,EDA+HRV,4,872,21,0.9035722315907814,0.7311846007498182
P107C,EDA,0,263,2,0.8091016548463357,0.9885057471264368
P107C,EDA+HRV,0,263,2,0.9253546099290779,0.7911877394636015
P107C,EDA,1,196,5,0.8803300330033004,0.6586387434554974
P107C,EDA+HRV,1,196,5,0.9602640264026402,0.8104712041884816
P107C,EDA,2,233,11,0.8414481897627965,0.8407043407043407
P107C,EDA+HRV,2,233,11,0.9708319146521394,0.8423423423423423
P107C,EDA,3,276,2,0.8439410284070478,0.8868613138686132
P107C,EDA+HRV,3,276,2,0.9581685245115665,0.9197080291970803
P108C,EDA,0,345,11,0.734592533475215,0.5057158410451823
P108C,EDA+HRV,0,345,11,0.9240666844018799,0.6859009254218835
P108C,EDA,1,345,25,0.759065934065934,0.18824999999999997
P108C,EDA+HRV,1,345,25,0.9294615384615383,0.795125
P108C,EDA,2,437,16,0.731465778316172,0.1255938242280285
P108C,EDA+HRV,2,437,16,0.8958207147183526,0.7039786223277908
P108C,EDA,3,386,29,0.7536572369695795,0.1216072635950932
P108C,EDA+HRV,3,386,29,0.9165011625653943,0.5604172703564184
P109C,EDA,1,301,24,0.596571622539036,0.6189831528279182
P109C,EDA+HRV,1,301,24,0.9126632322990295,0.4648014440433213
P109C,EDA,2,264,31,0.6932686384905498,0.6325626470995431
P109C,EDA+HRV,2,264,31,0.9323081578179538,0.6044579814481517
P109C,EDA,3,459,21,0.6201369804190999,0.5439225918677973
P109C,EDA+HRV,3,459,21,0.8806144795602885,0.687214611872146
P109C,EDA,4,309,16,0.629989524256764,0.7386945392491467
P109C,EDA+HRV,4,309,16,0.8310515478813711,0.4375
P110C,EDA,2,429,49,0.7548344053290523,0.5595059076262083
P110C,EDA+HRV,2,429,49,0.9123395915644188,0.4779269602577873
P110C,EDA,3,445,29,0.5825361968213794,0.7388925729442971
P110C,EDA+HRV,3,445,29,0.7957643205419287,0.3488892572944297
P110C,EDA,4,458,18,0.6489211612886525,0.3462121212121212
P110C,EDA+HRV,4,458,18,0.878512535756352,0.2125
P111C,EDA,0,176,13,0.6024263704014254,0.5214723926380369
P111C,EDA+HRV,0,176,13,0.8400324913531076,0.3515809344030203
P111C,EDA,1,247,13,0.5908490538949666,0.519723865877712
P111C,EDA+HRV,1,247,13,0.8197088465845466,0.7304404996712689
P111C,EDA,2,186,20,0.5924584061492122,0.6021084337349397
P111C,EDA+HRV,2,186,20,0.8880837702286064,0.5487951807228916
P111C,EDA,3,242,35,0.5272352430555556,0.6915113871635611
P111C,EDA+HRV,3,242,35,0.8641854745370371,0.6683229813664596
P111C,EDA,4,231,26,0.679381112714446,0.16923076923076924
P111C,EDA+HRV,4,231,26,0.864325797659131,0.20825515947467169
P112C,EDA,1,80,14,0.7701525054466231,0.7813852813852813
P112C,EDA+HRV,1,80,14,0.9498910675381264,0.47835497835497837
P112C,EDA,2,43,10,0.7913554743365645,0.7060606060606059
P112C,EDA+HRV,2,43,10,0.8639758461782933,0.7393939393939394
P112C,EDA,3,19,6,0.819859064702114,0.3974358974358974
P112C,EDA+HRV,3,19,6,0.8931454196028188,0.8076923076923077
P112C,EDA,4,61,11,0.8012544802867383,0.6963636363636364
P112C,EDA+HRV,4,61,11,0.8435483870967743,0.7581818181818181
