subject,model,n_labels,repeat,train_rmse,train_rmse_q1,train_rmse_q2,train_rmse_q3,train_rmse_q4,train_rmse_q5,train_rmse_q6,train_auc,test_rmse,test_rmse_q1,test_rmse_q2,test_rmse_q3,test_rmse_q4,test_rmse_q5,test_rmse_q6,test_auc
S2,ssl_finetune,5,0,0.06383746862411499,0.05528350546956062,0.05910184606909752,0.04859531298279762,0.07404377311468124,0.06493859738111496,0.07642664760351181,1.0,0.44320303201675415,0.5644891262054443,0.34985747933387756,0.1687001734972,0.6289567947387695,0.3093380331993103,0.46667858958244324,0.2744206512173658
S2,supervised,5,0,0.11075643450021744,0.09624265134334564,0.1254042536020279,0.140475332736969,0.06754166632890701,0.13609910011291504,0.07612412422895432,1.0,1.0999635457992554,1.13163161277771,0.38678425550460815,2.032991886138916,0.8989680409431458,0.6651884913444519,0.6675705909729004,0.5619220615113839
S2,ssl_finetune,5,1,0.18240876495838165,0.06638946384191513,0.11682451516389847,0.10241245478391647,0.2055051028728485,0.3206862807273865,0.16131287813186646,1.0,0.4601854085922241,0.49681875109672546,0.41325828433036804,0.2549572288990021,0.4206526577472687,0.5698342323303223,0.5351163148880005,0.49024979127648527
S2,supervised,5,1,0.07671736180782318,0.06034990772604942,0.11121899634599686,0.07575120031833649,0.07034331560134888,0.07504691183567047,0.05461753159761429,1.0,0.4646871089935303,0.4765431582927704,0.643135666847229,0.2351018637418747,0.5496671199798584,0.3447430729866028,0.42265012860298157,0.6603944310309814
S2,ssl_finetune,5,2,0.10468371212482452,0.10904809832572937,0.06327242404222488,0.11294275522232056,0.05504307895898819,0.13647985458374023,0.12427640706300735,1.0,0.907497763633728,0.7497550845146179,1.2996901273727417,0.5315431952476501,0.8065314888954163,1.2442089319229126,0.4570549428462982,0.0
S2,supervised,5,2,0.12836343050003052,0.1203368529677391,0.1183503270149231,0.09400109946727753,0.1745111495256424,0.10695544630289078,0.14016222953796387,1.0,0.4493370056152344,0.41006287932395935,0.3009277582168579,0.304233580827713,0.6689649224281311,0.455702543258667,0.452743262052536,0.3879775255545276
S2,ssl_finetune,10,0,0.06249724701046944,0.04607692360877991,0.057616978883743286,0.07781670987606049,0.03769688308238983,0.0820455253124237,0.06151968985795975,1.0,0.6762590408325195,0.5919846296310425,0.7896279096603394,0.2772153615951538,0.8493678569793701,0.7427584528923035,0.6481015086174011,0.30764492181329967
S2,supervised,10,0,0.07806689292192459,0.06668324768543243,0.08040151745080948,0.0772714838385582,0.08091965317726135,0.06462980806827545,0.09465566277503967,1.0,0.42601051926612854,0.4811022877693176,0.25356367230415344,0.29415300488471985,0.6561992764472961,0.19803880155086517,0.48663434386253357,0.4065121736579642
S2,ssl_finetune,10,1,0.08387245982885361,0.08466677367687225,0.07211032509803772,0.10448861122131348,0.08305630832910538,0.09099045395851135,0.06118573993444443,1.0,0.7204872965812683,1.1172300577163696,0.19111691415309906,0.1929357647895813,0.780761182308197,0.9460229873657227,0.5367602705955505,0.9992237741724395
S2,supervised,10,1,0.15623685717582703,0.19237016141414642,0.18932585418224335,0.16672277450561523,0.1319877952337265,0.1132151409983635,0.12479694187641144,1.0,0.9163408279418945,0.5356836915016174,0.44334185123443604,0.40854522585868835,0.5186504125595093,1.8355542421340942,0.8656830191612244,0.9491256177087799
S2,ssl_finetune,10,2,0.07899301499128342,0.08277546614408493,0.06524672359228134,0.07356875389814377,0.10759327560663223,0.0648144781589508,0.07169989496469498,1.0,0.5777769088745117,0.4075501263141632,0.4868498146533966,0.16685697436332703,1.0248231887817383,0.4018397629261017,0.6002150774002075,1.0
S2,supervised,10,2,0.12053067237138748,0.12542124092578888,0.18392926454544067,0.07614295929670334,0.09042929857969284,0.12673495709896088,0.08699678629636765,1.0,0.8985242247581482,0.8467100262641907,0.6509400010108948,0.9812930822372437,0.9901136159896851,0.9835171103477478,0.8904309272766113,0.9558137960602026
S2,ssl_finetune,20,0,0.08561604470014572,0.07463834434747696,0.08510081470012665,0.09309792518615723,0.05886777117848396,0.07798318564891815,0.1138138696551323,1.0,0.6022805571556091,0.6045535206794739,0.9403385519981384,0.12795476615428925,0.6636141538619995,0.25834986567497253,0.635002851486206,1.0
S2,supervised,20,0,0.17902162671089172,0.16402940452098846,0.16971620917320251,0.13826890289783478,0.28878939151763916,0.12129312753677368,0.13911716639995575,1.0,0.34225907921791077,0.2678609788417816,0.29078438878059387,0.30665338039398193,0.49036088585853577,0.36911287903785706,0.27533280849456787,0.95564681724846
S2,ssl_finetune,20,1,0.057315051555633545,0.07162857055664062,0.06871704757213593,0.05907971411943436,0.05135246738791466,0.04231591895222664,0.04403726011514664,1.0,0.4654289186000824,0.572809100151062,0.45815083384513855,0.2485690712928772,0.5964434742927551,0.4817301332950592,0.3348678648471832,0.17459891238125325
S2,supervised,20,1,0.1837078034877777,0.09706373512744904,0.14995664358139038,0.14761225879192352,0.2526346743106842,0.23576973378658295,0.17141157388687134,1.0,0.28694403171539307,0.2347104549407959,0.2832720875740051,0.24656076729297638,0.38377538323402405,0.24146652221679688,0.3038212060928345,0.9288173838481846
S2,ssl_finetune,20,2,0.12745749950408936,0.07074841111898422,0.08241531252861023,0.22346903383731842,0.0960899069905281,0.12782786786556244,0.10081275552511215,1.0,0.5891709923744202,0.9761679172515869,0.39758437871932983,0.4590696692466736,0.520736038684845,0.5361087322235107,0.44992703199386597,0.7412099194440056
S2,supervised,20,2,0.15702098608016968,0.19770342111587524,0.1772465854883194,0.1159016564488411,0.17042815685272217,0.16175615787506104,0.09373658895492554,1.0,0.2659051716327667,0.1872093379497528,0.405621737241745,0.2834218740463257,0.22099851071834564,0.2606123983860016,0.1660420149564743,0.9590924475934743
S2,ssl_finetune,50,0,0.02535848319530487,0.023571331053972244,0.021398698911070824,0.024071291089057922,0.026998816058039665,0.02922925353050232,0.026116879656910896,1.0,0.27559325098991394,0.2459886521100998,0.24880348145961761,0.22933760285377502,0.3939804434776306,0.2642471492290497,0.23590952157974243,0.9819956224473678
S2,supervised,50,0,0.07686398923397064,0.04509443789720535,0.10102051496505737,0.05480438470840454,0.10433054715394974,0.073494553565979,0.06260953098535538,1.0,0.2637338936328888,0.1878201812505722,0.21161198616027832,0.11833875626325607,0.49197500944137573,0.21932503581047058,0.18201760947704315,0.8497484035471715
S2,ssl_finetune,50,1,0.038847632706165314,0.03969121724367142,0.033213138580322266,0.03866865485906601,0.04767076298594475,0.03881412371993065,0.03319671377539635,1.0,0.3932296633720398,0.19964590668678284,0.6926197409629822,0.18921387195587158,0.3828871250152588,0.3784150779247284,0.28739219903945923,0.7621025791457002
S2,supervised,50,1,0.027206994593143463,0.033270515501499176,0.030492287129163742,0.023050639778375626,0.022414596751332283,0.023456986993551254,0.028646815568208694,1.0,0.3970702290534973,0.39684733748435974,0.15670795738697052,0.17932847142219543,0.6899093985557556,0.1682739406824112,0.4769628345966339,0.30043775526321725
S2,ssl_finetune,50,2,0.02487996406853199,0.029375290498137474,0.022907810285687447,0.01923142746090889,0.030511151999235153,0.02069939114153385,0.024436794221401215,1.0,0.3645307421684265,0.33197450637817383,0.3576899468898773,0.3564552068710327,0.40964996814727783,0.3968541622161865,0.3267723619937897,0.3697723221337184
S2,supervised,50,2,0.02290034480392933,0.02510162629187107,0.020322177559137344,0.027980992570519447,0.024020297452807426,0.0205615796148777,0.017910413444042206,1.0,0.2460426688194275,0.2481560856103897,0.23354975879192352,0.2574373483657837,0.3130045235157013,0.1903955638408661,0.21586748957633972,0.6414784394250512
S2,ssl_finetune,100,0,0.052461542189121246,0.06824927777051926,0.05018877610564232,0.05282161757349968,0.04491144046187401,0.02693258784711361,0.061675604432821274,1.0,0.2759871184825897,0.25214630365371704,0.12593074142932892,0.21637962758541107,0.4231331944465637,0.36736300587654114,0.12945885956287384,0.9692307692307692
S2,supervised,100,0,0.022816820070147514,0.019268861040472984,0.024796683341264725,0.020309709012508392,0.024053562432527542,0.02864847704768181,0.018046770244836807,1.0,0.45331335067749023,0.46159014105796814,0.3977481424808502,0.3137306869029999,0.724993109703064,0.34467288851737976,0.34474295377731323,0.3199065821242413
S2,ssl_finetune,100,1,0.10645000636577606,0.043643757700920105,0.19571948051452637,0.13894183933734894,0.06506575644016266,0.03916521742939949,0.052023328840732574,1.0,0.2999928295612335,0.3586961030960083,0.16803137958049774,0.2618495523929596,0.37468478083610535,0.21882930397987366,0.35529789328575134,0.6748493805988671
S2,supervised,100,1,0.02820471301674843,0.031470976769924164,0.03407031297683716,0.028274893760681152,0.030276402831077576,0.01875477470457554,0.02353624254465103,1.0,0.558081865310669,0.6641013622283936,0.31548821926116943,0.491804838180542,0.8044373393058777,0.5012282133102417,0.4335291087627411,0.3687885010266941
S2,ssl_finetune,100,2,0.1151186004281044,0.05303531512618065,0.06903684884309769,0.21493561565876007,0.12913201749324799,0.03888138383626938,0.08689509332180023,1.0,0.4048146903514862,0.3321700692176819,0.4001770615577698,0.3767262101173401,0.6330775022506714,0.3419652283191681,0.2304796278476715,0.2508585869982174
S2,supervised,100,2,0.016237633302807808,0.017854493111371994,0.015604637563228607,0.013803464360535145,0.017045697197318077,0.0180871170014143,0.014541028067469597,1.0,0.34584125876426697,0.38002732396125793,0.1601516157388687,0.12320699542760849,0.593704879283905,0.15587186813354492,0.39446955919265747,0.4822663988988425
S2,ssl_finetune,200,0,0.06684429943561554,0.07602657377719879,0.042161617428064346,0.033235009759664536,0.11427002400159836,0.04233171418309212,0.05742078274488449,1.0,0.36819109320640564,0.41172048449516296,0.33121395111083984,0.35706058144569397,0.5206257104873657,0.35144099593162537,0.11007992178201675,0.3723582372453009
S2,supervised,200,0,0.024148723110556602,0.03246472775936127,0.022406289353966713,0.017813200131058693,0.022089719772338867,0.023625094443559647,0.02407390996813774,1.0,0.17686007916927338,0.17454425990581512,0.12084115296602249,0.2427016794681549,0.20809367299079895,0.1273338347673416,0.15552383661270142,0.9701694609292145
S2,ssl_finetune,200,1,0.013979829847812653,0.017837727442383766,0.011028958484530449,0.014709907583892345,0.011115322820842266,0.009831596165895462,0.017210442572832108,1.0,0.3393084704875946,0.3432256877422333,0.2793489396572113,0.28474220633506775,0.5093583464622498,0.29467031359672546,0.2599751055240631,0.4004783717309385
S2,supervised,200,1,0.07399424910545349,0.08181807398796082,0.07255851477384567,0.07162300497293472,0.05208390951156616,0.10859781503677368,0.035438477993011475,1.0,0.7706888914108276,1.1145292520523071,0.6977224946022034,0.21350814402103424,0.7720147967338562,0.8005470633506775,0.7431740760803223,0.5250558476431166
S2,ssl_finetune,200,2,0.020100288093090057,0.009759504348039627,0.008656956255435944,0.03354162722826004,0.013300083577632904,0.017308764159679413,0.0255423653870821,1.0,0.3483339846134186,0.30896157026290894,0.341797798871994,0.29848769307136536,0.37943699955940247,0.461428701877594,0.2641073167324066,0.3444705192138457
S2,supervised,200,2,0.03464728221297264,0.025948211550712585,0.040754880756139755,0.039432331919670105,0.035072244703769684,0.033482227474451065,0.031021034345030785,1.0,0.15480628609657288,0.12809917330741882,0.2264040857553482,0.15485520660877228,0.12464375793933868,0.15342549979686737,0.11430714279413223,1.0
S2,ssl_finetune,500,0,0.024456284940242767,0.013733169995248318,0.016661783680319786,0.038996703922748566,0.011836777441203594,0.03383967652916908,0.0177895650267601,1.0,0.2742614150047302,0.22658823430538177,0.22259259223937988,0.15172235667705536,0.46270227432250977,0.2482646107673645,0.22732773423194885,0.7166730599995488
S2,supervised,500,0,0.00824225228279829,0.004708027001470327,0.008310739882290363,0.008107738569378853,0.009253661148250103,0.008882386609911919,0.009279654361307621,1.0,0.6022173762321472,0.5493786334991455,0.5961323380470276,0.6090525984764099,0.7102309465408325,0.7469382286071777,0.29242849349975586,0.361565539183609
S2,ssl_finetune,500,1,0.2216981053352356,0.16854530572891235,0.17617036402225494,0.14566712081432343,0.30298471450805664,0.33429279923439026,0.10337533056735992,0.9935275080906149,0.3294987380504608,0.15767590701580048,0.20393072068691254,0.5141921639442444,0.21246971189975739,0.5016906261444092,0.1540669947862625,0.9921677911410971
S2,supervised,500,1,0.008817621506750584,0.010498297400772572,0.0081520089879632,0.0077668242156505585,0.00980231910943985,0.005745433270931244,0.010020689107477665,1.0,0.270204097032547,0.3101048171520233,0.07636506855487823,0.0989915281534195,0.4224906861782074,0.22234492003917694,0.31357595324516296,0.9270595933840287
S2,ssl_finetune,500,2,0.0607014074921608,0.06756480783224106,0.060506924986839294,0.07097507268190384,0.04787168651819229,0.06787151843309402,0.044115401804447174,1.0,0.3945153057575226,0.4037967920303345,0.2982079088687897,0.32444533705711365,0.5111242532730103,0.3929717242717743,0.40116655826568604,0.46795135049755177
S2,supervised,500,2,0.005381092429161072,0.004385258071124554,0.006883549503982067,0.007964743301272392,0.004407342057675123,0.004019143525511026,0.0028474312275648117,1.0,0.3843643069267273,0.3098810017108917,0.1513923853635788,0.052143774926662445,0.7241457104682922,0.34043288230895996,0.35280171036720276,0.4437089604440734
S2,ssl_finetune,1000,0,0.008355609141290188,0.0064651211723685265,0.007654978893697262,0.005382099654525518,0.009222688153386116,0.012033654376864433,0.007724439259618521,1.0,0.6846746206283569,0.7843785285949707,0.4915820360183716,0.5873738527297974,1.0172914266586304,0.4734126329421997,0.5930970311164856,0.36855157163165375
S2,supervised,1000,0,0.006570343393832445,0.004038759507238865,0.007311403751373291,0.004099615383893251,0.006890553515404463,0.005922286305576563,0.00948093831539154,1.0,0.5575023889541626,0.1875893622636795,0.41791602969169617,0.6484618782997131,0.9128826260566711,0.4572964012622833,0.43821507692337036,0.37852742739806394
S2,ssl_finetune,1000,1,0.05490324646234512,0.039832837879657745,0.09809551388025284,0.05088162049651146,0.04669014364480972,0.035165708512067795,0.029517412185668945,1.0,0.40414661169052124,0.40756386518478394,0.4975394606590271,0.22849468886852264,0.4961741864681244,0.22049562633037567,0.46833333373069763,0.2952681815104813
S2,supervised,1000,1,0.02036098949611187,0.02051486261188984,0.011510014533996582,0.01215507835149765,0.011779570020735264,0.034780021756887436,0.020926665514707565,1.0,0.5181617736816406,0.6741146445274353,0.22086718678474426,0.2780792713165283,0.7822358012199402,0.3710334002971649,0.529952883720398,0.39280411580206237
S2,ssl_finetune,1000,2,0.0316888727247715,0.028026098385453224,0.03242802247405052,0.03353516012430191,0.03254740312695503,0.026554783806204796,0.0360412672162056,0.9998523033956792,0.40495797991752625,0.21050399541854858,0.3442038893699646,0.5860525369644165,0.6474823355674744,0.15366755425930023,0.1866896152496338,0.4443080533429609
S2,supervised,1000,2,0.009424290619790554,0.007390888873487711,0.006615132093429565,0.012103774584829807,0.010802189819514751,0.009581036865711212,0.008918151259422302,1.0,0.4295579791069031,0.7824642062187195,0.1608308106660843,0.07955428957939148,0.6579988598823547,0.09552933275699615,0.1434796303510666,0.4808944648780378
S2,ssl_finetune,7000,0,0.06645085662603378,0.0378318652510643,0.049852680414915085,0.04925155267119408,0.12964926660060883,0.042132679373025894,0.03959723562002182,1.0,0.5446561574935913,0.5759679675102234,0.72451251745224,0.31030747294425964,0.700376570224762,0.08665725588798523,0.573512613773346,0.3833449917638829
S2,supervised,7000,0,0.019974982365965843,0.015523228794336319,0.023293569684028625,0.013454914093017578,0.02924823760986328,0.016305241733789444,0.01755230687558651,1.0,0.6600127816200256,0.8730739951133728,0.7062093019485474,0.19911281764507294,0.8540748953819275,0.170522540807724,0.7446767091751099,0.3428955028544351
