variant,norm,lr,batch,epochs,train_windows,minutes,eval,eval_participant,acc,precision,recall,f1,auc,n,n_stress
under_code,segment,0.01157,100,50,20018,10.5,train,all,0.7142571685483066,0.7695111222822671,0.6117494255170347,0.6816208393632417,0.8041833984941578,20018,10009
under_code,segment,0.01157,100,50,20018,10.5,test,all,0.7222610722610723,0.7785568215016068,0.6212121212121212,0.6910410994424997,0.8174641791774659,8580,4290
under_code,segment,0.01157,100,50,20018,10.5,test_per_participant,P101C,0.8494897959183674,0.631578947368421,0.8089887640449438,0.7093596059113301,0.9196425260503578,392,89
under_code,segment,0.01157,100,50,20018,10.5,test_per_participant,P102C,0.6851985559566787,0.8963795255930087,0.6704014939309056,0.7670940170940171,0.7619107090819341,1385,1071
under_code,segment,0.01157,100,50,20018,10.5,test_per_participant,P104C,0.7125307125307125,0.2231404958677686,0.54,0.3157894736842105,0.737983193277311,407,50
under_code,segment,0.01157,100,50,20018,10.5,test_per_participant,P105C,0.7573415765069552,0.5478260869565217,0.375,0.4452296819787986,0.7856521523014216,647,168
under_code,segment,0.01157,100,50,20018,10.5,test_per_participant,P106C,0.8683834048640916,0.2875,0.396551724137931,0.3333333333333333,0.861019958039701,699,58
under_code,segment,0.01157,100,50,20018,10.5,test_per_participant,P107C,0.8484375,0.2017543859649122,0.7931034482758621,0.3216783216783216,0.92445961961736,640,29
under_code,segment,0.01157,100,50,20018,10.5,test_per_participant,P108C,0.651270207852194,0.732484076433121,0.5133928571428571,0.6036745406824147,0.7466678058783323,433,224
under_code,segment,0.01157,100,50,20018,10.5,test_per_participant,P109C,0.5636042402826855,0.7894736842105263,0.4483695652173913,0.5719237435008665,0.689490008783487,566,368
under_code,segment,0.01157,100,50,20018,10.5,test_per_participant,P110C,0.6791147994467497,0.7322175732217573,0.5102040816326531,0.6013745704467354,0.7673354304127666,723,343
under_code,segment,0.01157,100,50,20018,10.5,test_per_participant,P111C,0.6810154525386314,0.763668430335097,0.7363945578231292,0.7497835497835498,0.7002069695802848,906,588
under_code,segment,0.01157,100,50,20018,10.5,test_per_participant,P112C,0.7160493827160493,0.9392935982339956,0.6536098310291859,0.7708333333333334,0.8883480542754735,1782,1302
under_paper,segment,0.001,32,50,20018,13.3,train,all,0.7517734039364572,0.7740321879077859,0.7111599560395644,0.7412652954959645,0.8378144553506599,20018,10009
under_paper,segment,0.001,32,50,20018,13.3,test,all,0.7439393939393939,0.7662172475197151,0.7020979020979021,0.7327575720715241,0.8282623165490297,8580,4290
under_paper,segment,0.001,32,50,20018,13.3,test_per_participant,P101C,0.8290816326530612,0.5763888888888888,0.9325842696629212,0.7124463519313304,0.9295064337894464,392,89
under_paper,segment,0.001,32,50,20018,13.3,test_per_participant,P102C,0.7075812274368231,0.875,0.7254901960784313,0.7932618683001531,0.7568883179598803,1385,1071
under_paper,segment,0.001,32,50,20018,13.3,test_per_participant,P104C,0.6977886977886978,0.2447552447552447,0.7,0.3626943005181347,0.7605602240896359,407,50
under_paper,segment,0.001,32,50,20018,13.3,test_per_participant,P105C,0.7557959814528593,0.5308641975308642,0.5119047619047619,0.5212121212121212,0.7790660105378269,647,168
under_paper,segment,0.001,32,50,20018,13.3,test_per_participant,P106C,0.8454935622317596,0.25,0.4310344827586206,0.3164556962025316,0.8408736349453978,699,58
under_paper,segment,0.001,32,50,20018,13.3,test_per_participant,P107C,0.8515625,0.225,0.9310344827586208,0.3624161073825503,0.9567131327953045,640,29
under_paper,segment,0.001,32,50,20018,13.3,test_per_participant,P108C,0.6558891454965358,0.7049180327868853,0.5758928571428571,0.6339066339066339,0.7382305194805197,433,224
under_paper,segment,0.001,32,50,20018,13.3,test_per_participant,P109C,0.6130742049469965,0.7991967871485943,0.5407608695652174,0.6450567260940032,0.7222222222222223,566,368
under_paper,segment,0.001,32,50,20018,13.3,test_per_participant,P110C,0.7206085753803596,0.7582417582417582,0.6034985422740525,0.672077922077922,0.7989412306275895,723,343
under_paper,segment,0.001,32,50,20018,13.3,test_per_participant,P111C,0.6986754966887417,0.7503974562798092,0.8027210884353742,0.7756778964667215,0.7144889402301801,906,588
under_paper,segment,0.001,32,50,20018,13.3,test_per_participant,P112C,0.77665544332211,0.9346153846153846,0.7465437788018433,0.8300597779675492,0.8909018177163338,1782,1302
smote_code,segment,0.01157,100,50,188336,127.8,train,all,0.7104430379746836,0.6902846059302504,0.7634121994732818,0.7250090766065593,0.7739676900197299,188336,94168
smote_code,segment,0.01157,100,50,188336,127.8,test,all,0.6725497222719943,0.1986229431672307,0.7934731934731934,0.3177151390703752,0.7928550660400603,44648,4290
smote_code,segment,0.01157,100,50,188336,127.8,test_per_participant,P101C,0.7389178617992177,0.0962627406568516,0.9659090909090908,0.1750772399588053,0.9423810250152532,3068,88
smote_code,segment,0.01157,100,50,188336,127.8,test_per_participant,P102C,0.5832157968970381,0.3685702713649251,0.8096085409252669,0.5065404954077373,0.6981836890157245,4254,1124
smote_code,segment,0.01157,100,50,188336,127.8,test_per_participant,P104C,0.6202643171806167,0.0301431801055011,0.8695652173913043,0.0582665695557174,0.7530320877072627,3405,46
smote_code,segment,0.01157,100,50,188336,127.8,test_per_participant,P105C,0.6900521285838401,0.081769436997319,0.6815642458100558,0.1460203470975463,0.7768412082189187,4604,179
smote_code,segment,0.01157,100,50,188336,127.8,test_per_participant,P106C,0.8148814390842192,0.0294117647058823,0.7727272727272727,0.0566666666666666,0.890530240637307,6115,44
smote_code,segment,0.01157,100,50,188336,127.8,test_per_participant,P107C,0.7145295902883156,0.0144356955380577,0.88,0.0284054228534538,0.882988374309129,5272,25
smote_code,segment,0.01157,100,50,188336,127.8,test_per_participant,P108C,0.5644481887110362,0.1381165919282511,0.6784140969162996,0.2295081967213114,0.6995500329319263,2374,227
smote_code,segment,0.01157,100,50,188336,127.8,test_per_participant,P109C,0.5562336530078466,0.2257538712306438,0.8028985507246377,0.3524173027989822,0.6949777291959458,2294,345
smote_code,segment,0.01157,100,50,188336,127.8,test_per_participant,P110C,0.6974547362896878,0.1684867394695788,0.7128712871287128,0.2725552050473186,0.7431443828533367,3811,303
smote_code,segment,0.01157,100,50,188336,127.8,test_per_participant,P111C,0.3766676128299744,0.1942257217847769,0.9168141592920354,0.3205445544554455,0.6978606089979477,3523,565
smote_code,segment,0.01157,100,50,188336,127.8,test_per_participant,P112C,0.7827260458839406,0.5140280561122245,0.7633928571428571,0.61437125748503,0.8584095560126319,5928,1344
under_code,recording,0.01157,100,50,20018,1330.7,train,all,0.5,0.0,0.0,0.0,0.5,20018,10009
under_code,recording,0.01157,100,50,20018,1330.7,test,all,0.5,0.0,0.0,0.0,0.5,8580,4290
under_code,recording,0.01157,100,50,20018,1330.7,test_per_participant,P101C,0.7729591836734694,0.0,0.0,0.0,0.5,392,89
under_code,recording,0.01157,100,50,20018,1330.7,test_per_participant,P102C,0.22671480144404332,0.0,0.0,0.0,0.4995331465919701,1385,1071
under_code,recording,0.01157,100,50,20018,1330.7,test_per_participant,P104C,0.8771498771498771,0.0,0.0,0.0,0.5014005602240896,407,50
under_code,recording,0.01157,100,50,20018,1330.7,test_per_participant,P105C,0.740340030911901,0.0,0.0,0.0,0.49702380952380953,647,168
under_code,recording,0.01157,100,50,20018,1330.7,test_per_participant,P106C,0.9170243204577968,0.0,0.0,0.0,0.500780031201248,699,58
under_code,recording,0.01157,100,50,20018,1330.7,test_per_participant,P107C,0.9546875,0.0,0.0,0.0,0.5,640,29
under_code,recording,0.01157,100,50,20018,1330.7,test_per_participant,P108C,0.48267898383371827,0.0,0.0,0.0,0.49776785714285715,433,224
under_code,recording,0.01157,100,50,20018,1330.7,test_per_participant,P109C,0.3498233215547703,0.0,0.0,0.0,0.5,566,368
under_code,recording,0.01157,100,50,20018,1330.7,test_per_participant,P110C,0.5255878284923928,0.0,0.0,0.0,0.49854227405247814,723,343
under_code,recording,0.01157,100,50,20018,1330.7,test_per_participant,P111C,0.3509933774834437,0.0,0.0,0.0,0.5,906,588
under_code,recording,0.01157,100,50,20018,1330.7,test_per_participant,P112C,0.26936026936026936,0.0,0.0,0.0,0.5,1782,1302
