participant,features,fold,n_test,n_test_stress,train_auc,test_auc,skipped
P101C,EDA,0,435.0,15.0,0.9696882217090069,0.40253968253968253,False
P101C,EDA,1,,,,,True
P101C,EDA,2,434.0,3.0,0.9323390793466331,0.3333333333333333,False
P101C,EDA,3,435.0,2.0,0.9446128410030312,0.8810623556581986,False
P101C,EDA,4,434.0,1.0,0.9314717859220477,0.006928406466512715,False
P101C,HRV,0,435.0,15.0,0.9331216320246343,0.6366666666666667,False
P101C,HRV,1,,,,,True
P101C,HRV,2,434.0,3.0,0.7854606494931887,0.08275328692962106,False
P101C,HRV,3,435.0,2.0,0.8390435075472276,0.6928406466512702,False
P101C,HRV,4,434.0,1.0,0.8069517161140198,0.9399538106235565,False
P101C,EDA+HRV,0,435.0,15.0,0.9923017705927636,0.43746031746031744,False
P101C,EDA+HRV,1,,,,,True
P101C,EDA+HRV,2,434.0,3.0,0.9491897475627864,0.06728538283062646,False
P101C,EDA+HRV,3,435.0,2.0,0.9606870579590338,0.9260969976905311,False
P101C,EDA+HRV,4,434.0,1.0,0.9525014543339151,0.0484988452655889,False
P102C,EDA,0,,,,,True
P102C,EDA,1,336.0,21.0,0.7314458453144586,0.22796674225245653,False
P102C,EDA,2,336.0,31.0,0.6499356395816572,0.6242199894235854,False
P102C,EDA,3,336.0,36.0,0.6349358974358974,0.6425,False
P102C,EDA,4,335.0,43.0,0.6921956427330631,0.4654348518636509,False
P102C,HRV,0,,,,,True
P102C,HRV,1,336.0,21.0,0.5695642556956425,0.4293272864701436,False
P102C,HRV,2,336.0,31.0,0.6054706355591312,0.40169222633527235,False
P102C,HRV,3,336.0,36.0,0.5649375843454791,0.2715740740740741,False
P102C,HRV,4,335.0,43.0,0.6100264186450491,0.4014813634915578,False
P102C,EDA+HRV,0,,,,,True
P102C,EDA+HRV,1,336.0,21.0,0.7209393202093932,0.1927437641723356,False
P102C,EDA+HRV,2,336.0,31.0,0.6591150442477877,0.4902168164992068,False
P102C,EDA+HRV,3,336.0,36.0,0.6589153171390014,0.35824074074074075,False
P102C,EDA+HRV,4,335.0,43.0,0.7003836132020846,0.4149410640331315,False
P104C,EDA,0,,,,,True
P104C,EDA,1,,,,,True
P104C,EDA,2,,,,,True
P104C,EDA,3,,,,,True
P104C,EDA,4,,,,,True
P104C,HRV,0,,,,,True
P104C,HRV,1,,,,,True
P104C,HRV,2,,,,,True
P104C,HRV,3,,,,,True
P104C,HRV,4,,,,,True
P104C,EDA+HRV,0,,,,,True
P104C,EDA+HRV,1,,,,,True
P104C,EDA+HRV,2,,,,,True
P104C,EDA+HRV,3,,,,,True
P104C,EDA+HRV,4,,,,,True
P105C,EDA,0,893.0,23.0,0.5878952793238508,0.4630684657671164,False
P105C,EDA,1,893.0,29.0,0.564250979981317,0.5603049169859515,False
P105C,EDA,2,892.0,49.0,0.6402554845070831,0.39656716779238393,False
P105C,EDA,3,893.0,27.0,0.5731785631719701,0.48332050295098794,False
P105C,EDA,4,,,,,True
P105C,HRV,0,893.0,23.0,0.6246299732014018,0.5185907046476761,False
P105C,HRV,1,893.0,29.0,0.6107167904920713,0.5630587484035761,False
P105C,HRV,2,892.0,49.0,0.6159540069888497,0.6020771297842981,False
P105C,HRV,3,893.0,27.0,0.609291917949362,0.5558121632024634,False
P105C,HRV,4,,,,,True
P105C,EDA+HRV,0,893.0,23.0,0.6681096681096681,0.48005997001499257,False
P105C,EDA+HRV,1,893.0,29.0,0.6505155269200213,0.5825351213282248,False
P105C,EDA+HRV,2,892.0,49.0,0.6759464671509563,0.5553296051516692,False
P105C,EDA+HRV,3,893.0,27.0,0.6430192168827722,0.5612436917286802,False
P105C,EDA+HRV,4,,,,,True
P106C,EDA,0,909.0,51.0,0.6891879067781197,0.5997074820604232,False
P106C,EDA,1,908.0,19.0,0.7263543703068247,0.3038304422473506,False
P106C,EDA,2,,,,,True
P106C,EDA,3,908.0,31.0,0.6572687825863102,0.7125096553499835,False
P106C,EDA,4,908.0,21.0,0.7065938408162922,0.5374993289311214,False
P106C,HRV,0,909.0,51.0,0.7319238282022286,0.6565199506375977,False
P106C,HRV,1,908.0,19.0,0.6992105979493694,0.7557871055591736,False
P106C,HRV,2,,,,,True
P106C,HRV,3,908.0,31.0,0.7204207026391616,0.5451870379225365,False
P106C,HRV,4,908.0,21.0,0.7009609537234506,0.7917002201105923,False
P106C,EDA+HRV,0,909.0,51.0,0.7715360099959668,0.6834864481923306,False
P106C,EDA+HRV,1,908.0,19.0,0.7975902753146197,0.6842697294417145,False
P106C,EDA+HRV,2,,,,,True
P106C,EDA+HRV,3,908.0,31.0,0.811604991113882,0.6138227829477324,False
P106C,EDA+HRV,4,908.0,21.0,0.7993683319648126,0.7133193751006602,False
P107C,EDA,0,245.0,2.0,0.8880787037037037,0.977366255144033,False
P107C,EDA,1,245.0,5.0,0.9538940809968847,0.6541666666666667,False
P107C,EDA,2,244.0,13.0,0.9257789535567313,0.7888777888777889,False
P107C,EDA,3,,,,,True
P107C,EDA,4,,,,,True
P107C,HRV,0,245.0,2.0,0.7587962962962962,0.8703703703703705,False
P107C,HRV,1,245.0,5.0,0.788300449982693,0.6858333333333334,False
P107C,HRV,2,244.0,13.0,0.7686654908877131,0.748917748917749,False
P107C,HRV,3,,,,,True
P107C,HRV,4,,,,,True
P107C,EDA+HRV,0,245.0,2.0,0.9101273148148148,0.948559670781893,False
P107C,EDA+HRV,1,245.0,5.0,0.9559709241952232,0.6666666666666666,False
P107C,EDA+HRV,2,244.0,13.0,0.9328336272780718,0.8285048285048284,False
P107C,EDA+HRV,3,,,,,True
P107C,EDA+HRV,4,,,,,True
P108C,EDA,0,407.0,26.0,0.8014131225009087,0.415101958409045,False
P108C,EDA,1,407.0,26.0,0.7865321701199564,0.3093074904098526,False
P108C,EDA,2,,,,,True
P108C,EDA,3,407.0,30.0,0.8889349863334635,0.3140583554376658,False
P108C,EDA,4,,,,,True
P108C,HRV,0,407.0,26.0,0.8316066884769174,0.7290530991318394,False
P108C,HRV,1,407.0,26.0,0.8473850418029808,0.6946295174641631,False
P108C,HRV,2,,,,,True
P108C,HRV,3,407.0,30.0,0.8980256735650136,0.550132625994695,False
P108C,HRV,4,,,,,True
P108C,EDA+HRV,0,407.0,26.0,0.871137768084333,0.6415303856248737,False
P108C,EDA+HRV,1,407.0,26.0,0.8983437840785169,0.4310518877448012,False
P108C,EDA+HRV,2,,,,,True
P108C,EDA+HRV,3,407.0,30.0,0.9464320577899259,0.5320070733863838,False
P108C,EDA+HRV,4,,,,,True
P109C,EDA,0,,,,,True
P109C,EDA,1,370.0,24.0,0.7383747554223388,0.4095616570327553,False
P109C,EDA,2,370.0,38.0,0.6626307456720911,0.6383956880152187,False
P109C,EDA,3,370.0,7.0,0.6358334737906624,0.6092089728453365,False
P109C,EDA,4,370.0,23.0,0.7208502689165333,0.4298960030071419,False
P109C,HRV,0,,,,,True
P109C,HRV,1,370.0,24.0,0.6585695849465052,0.1950867052023121,False
P109C,HRV,2,370.0,38.0,0.7263100521684964,0.44990488268864937,False
P109C,HRV,3,370.0,7.0,0.6635344682285521,0.478551751279024,False
P109C,HRV,4,370.0,23.0,0.7123516853471281,0.41047487783485775,False
P109C,EDA+HRV,0,,,,,True
P109C,EDA+HRV,1,370.0,24.0,0.7791932059447984,0.36693159922928714,False
P109C,EDA+HRV,2,370.0,38.0,0.7576111500428249,0.5130786303107165,False
P109C,EDA+HRV,3,370.0,7.0,0.7163323782234958,0.5950413223140495,False
P109C,EDA+HRV,4,370.0,23.0,0.8125076979923636,0.41836862548552817,False
P110C,EDA,0,,,,,True
P110C,EDA,1,,,,,True
P110C,EDA,2,506.0,48.0,0.7822222222222224,0.750272925764192,False
P110C,EDA,3,505.0,15.0,0.8020529772519681,0.4375510204081633,False
P110C,EDA,4,505.0,35.0,0.7988040545467804,0.4995744680851064,False
P110C,HRV,0,,,,,True
P110C,HRV,1,,,,,True
P110C,HRV,2,506.0,48.0,0.6003652968036529,0.29885371179039305,False
P110C,HRV,3,505.0,15.0,0.6696844106700137,0.4636734693877551,False
P110C,HRV,4,505.0,35.0,0.7108664122446664,0.46583586626139817,False
P110C,EDA+HRV,0,,,,,True
P110C,EDA+HRV,1,,,,,True
P110C,EDA+HRV,2,506.0,48.0,0.7900659563673262,0.556632096069869,False
P110C,EDA+HRV,3,505.0,15.0,0.813448740811622,0.40408163265306124,False
P110C,EDA+HRV,4,505.0,35.0,0.8362867352147596,0.5244376899696048,False
P111C,EDA,0,218.0,26.0,0.700723171286492,0.29447115384615385,False
P111C,EDA,1,217.0,10.0,0.6688478179584424,0.44202898550724634,False
P111C,EDA,2,217.0,21.0,0.653360658172206,0.6115160349854227,False
P111C,EDA,3,217.0,33.0,0.6563488016318205,0.4787549407114625,False
P111C,EDA,4,217.0,17.0,0.6636000570532021,0.1388235294117647,False
P111C,HRV,0,218.0,26.0,0.7338698291684314,0.3235176282051282,False
P111C,HRV,1,217.0,10.0,0.6647347898082367,0.6946859903381642,False
P111C,HRV,2,217.0,21.0,0.7082924945795837,0.52089407191448,False
P111C,HRV,3,217.0,33.0,0.7065612782593915,0.6240118577075099,False
P111C,HRV,4,217.0,17.0,0.6203109399515048,0.8308823529411764,False
P111C,EDA+HRV,0,218.0,26.0,0.7632045429588843,0.3062900641025641,False
P111C,EDA+HRV,1,217.0,10.0,0.7193659526734684,0.6004830917874396,False
P111C,EDA+HRV,2,217.0,21.0,0.752116189967032,0.5986394557823129,False
P111C,EDA+HRV,3,217.0,33.0,0.7824749277579466,0.5611001317523057,False
P111C,EDA+HRV,4,217.0,17.0,0.6970617600912852,0.1652941176470588,False
P112C,EDA,0,,,,,True
P112C,EDA,1,,,,,True
P112C,EDA,2,55.0,17.0,0.8974036850921273,0.35294117647058826,False
P112C,EDA,3,56.0,13.0,0.8403902798232695,0.5402504472271914,False
P112C,EDA,4,55.0,11.0,0.8549222797927462,0.4256198347107438,False
P112C,HRV,0,,,,,True
P112C,HRV,1,,,,,True
P112C,HRV,2,55.0,17.0,0.8320770519262981,0.5789473684210527,False
P112C,HRV,3,56.0,13.0,0.7297496318114874,0.7477638640429338,False
P112C,HRV,4,55.0,11.0,0.7696027633851468,0.6425619834710744,False
P112C,EDA+HRV,0,,,,,True
P112C,EDA+HRV,1,,,,,True
P112C,EDA+HRV,2,55.0,17.0,0.9440954773869347,0.41021671826625383,False
P112C,EDA+HRV,3,56.0,13.0,0.8821796759941091,0.8962432915921288,False
P112C,EDA+HRV,4,55.0,11.0,0.9597582037996546,0.4173553719008265,False
