participant,n_windows,n_stress,EDA_train_auc,EDA_test_auc,EDA_folds,HRV_train_auc,HRV_test_auc,HRV_folds,EDA+HRV_train_auc,EDA+HRV_test_auc,EDA+HRV_folds
P101C,2173.0,21.0,0.9445279819951797,0.29298055856005767,4.0,0.8411443762947676,0.490223812297196,4.0,0.9636700076121247,0.23279806972293868,4.0
P102C,1679.0,131.0,0.677128256266269,0.5148640818280301,4.0,0.5874997235613255,0.3700274607613433,4.0,0.6848383236995667,0.40575794220643435,4.0
P104C,1468.0,2.0,,,0.0,,,0.0,,,0.0
P105C,4463.0,128.0,0.5913950767460552,0.4877604923032239,4.0,0.6151481721579213,0.5677007696776067,4.0,0.6593977197658545,0.5495593414173686,4.0
P106C,4542.0,122.0,0.6948512251218866,0.5345191459161137,4.0,0.7131290206285525,0.6707280630897741,4.0,0.7950249020973204,0.665433228588371,4.0
P107C,1223.0,20.0,0.9225839127524399,0.7923669467787116,3.0,0.771920745722234,0.7324229691876751,3.0,0.9329772887627032,0.8172268907563025,3.0
P108C,2035.0,82.0,0.8256267596514428,0.3516563523844194,3.0,0.8590058012816373,0.6421550782672006,3.0,0.9053045366509253,0.5319278785412964,3.0
P109C,1851.0,92.0,0.6894223109504063,0.5008692519734369,4.0,0.6901914476726705,0.36738034080942233,4.0,0.7664111080508706,0.43906621977195837,4.0
P110C,2527.0,98.0,0.7943597513403237,0.5787254252900031,3.0,0.6603053732394443,0.4025503007973288,3.0,0.8132671441312359,0.518083820269998,3.0
P111C,1086.0,107.0,0.6685761012204325,0.3784139833704046,5.0,0.6867538663534296,0.524987351197579,5.0,0.7428446746897233,0.4280259276583964,5.0
P112C,278.0,41.0,0.8642387482360476,0.448390243902439,3.0,0.7771431490409775,0.6290731707317073,3.0,0.9286777857268994,0.5391219512195122,3.0
MEAN,2120.4545454545455,76.72727272727273,0.7672710124280483,0.4880546482306839,3.3636363636363638,0.720224167595296,0.5397249316816832,3.3636363636363638,0.8192413491187225,0.5127001270152576,3.3636363636363638
