scope,balance,epochs,train_windows,minutes,eval,eval_participant,acc,precision,recall,f1,auc,n,n_stress
pooled,smote,50,279160,1082.4,train,all,0.6501325404785786,0.6387864177335073,0.691008740507236,0.6638721689363357,0.7122030153055116,279160,139580
pooled,smote,50,279160,1082.4,test,all,0.6041644949442302,0.13012443939106816,0.5922944220816562,0.21337200269304468,0.6383396072152537,38372,3478
pooled,smote,50,279160,1082.4,test_per_participant,P101C,0.6464088397790055,0.04819277108433735,0.6197183098591549,0.08943089430894309,0.6747954229640939,2534,71
pooled,smote,50,279160,1082.4,test_per_participant,P102C,0.5181570585565138,0.25207514198339886,0.5840080971659919,0.35215135794934393,0.5522258915055565,4406,988
pooled,smote,50,279160,1082.4,test_per_participant,P104C,0.7385243114586875,0.04187817258883249,0.7021276595744681,0.07904191616766468,0.7889433751415253,2941,47
pooled,smote,50,279160,1082.4,test_per_participant,P105C,0.5596761556542178,0.07203151378728194,0.7757575757575758,0.13182286302780638,0.7188980415508799,3829,165
pooled,smote,50,279160,1082.4,test_per_participant,P106C,0.6118449083936941,0.0050195203569436695,0.19148936170212766,0.009782608695652175,0.39444345242183243,4694,47
pooled,smote,50,279160,1082.4,test_per_participant,P107C,0.6183057448880234,0.005128205128205128,0.3333333333333333,0.010101010101010102,0.4430501142670584,4108,24
pooled,smote,50,279160,1082.4,test_per_participant,P108C,0.728511038046031,0.16994633273703041,0.45454545454545453,0.24739583333333334,0.6703723086124402,2129,209
pooled,smote,50,279160,1082.4,test_per_participant,P109C,0.5105842506350551,0.14492753623188406,0.5263157894736842,0.22727272727272727,0.545591613687885,2362,323
pooled,smote,50,279160,1082.4,test_per_participant,P110C,0.6195589088798608,0.1077752117013087,0.4794520547945205,0.1759899434318039,0.5968176961631675,3446,292
pooled,smote,50,279160,1082.4,test_per_participant,P111C,0.570878958271678,0.15432098765432098,0.5090497737556561,0.23684210526315788,0.5562498748222476,3379,442
pooled,smote,50,279160,1082.4,test_per_participant,P112C,0.5972711267605634,0.28397839783978396,0.725287356321839,0.40815006468305304,0.7128570445316263,4544,870
