participant,session,hours,tags,valid_tags,stress_windows,notstress_windows
P101C,A01f4c_190429-184613,3.16,0,0,0,378
P101C,A01f4c_190430-034436,7.35,0,0,0,881
P101C,A01f4c_190430-161241,6.85,2,2,118,699
P101C,A01f4c_190430-234943,3.18,0,0,0,380
P101C,A01f4c_190501-173539,11.38,0,0,0,1364
P101C,A01f4c_190502-165445,4.32,1,0,0,457
P101C,A01f4c_190503-171525,9.52,0,0,0,1141
P101C,A01f4c_190504-200436,8.72,2,2,236,801
P101C,A01f4c_190505-153004,1.13,0,0,0,134
P101C,A01f4c_190506-173700,7.65,0,0,0,917
P101C,A01f4c_190507-181335,9.43,0,0,0,1130
P101C,A01f4c_190508-174012,0.61,0,0,0,72
P101C,A01fb9_190426-184819,7.21,1,0,0,804
P101C,A01fb9_190428-004357,3.14,2,0,0,303
P101C,A01fb9_190428-101113,2.31,1,0,0,216
P101C,A01fb9_190428-184956,0.65,2,0,0,16
P101C,A01fb9_190428-223702,5.83,1,0,0,638
P101C,A01fb9_190429-164951,1.9,1,0,0,167
P101C,A01fb9_190502-211553,2.11,1,0,0,192
P101C,A01fb9_190503-041111,1.96,1,0,0,174
P101C,A01fb9_190503-125647,4.11,1,0,0,432
P101C,A01fb9_190509-233114,9.02,1,0,0,1021
P101C,A01fb9_190510-163929,0.21,1,0,0,0
P102C,A01B41_190604-145250,10.6,3,2,236,967
P102C,A01D53_190606-165906,1.54,1,0,0,124
P102C,A01D53_190607-011929,3.15,1,0,0,317
P102C,A01D53_190607-130410,3.49,2,0,0,354
P102C,A01b41_190530-163603,10.54,2,0,0,1203
P102C,A01b41_190531-034627,12.84,1,0,0,1480
P102C,A01b41_190603-165328,12.04,4,3,288,1087
P102C,A01b41_190605-033247,3.73,2,0,0,385
P102C,A01b41_190605-152734,15.75,2,2,236,1645
P102C,A01b41_190606-102523,0.03,0,0,0,3
P102C,A01b41_190607-163902,13.69,5,4,472,1093
P102C,A01b41_190608-110815,3.63,3,1,118,233
P102C,A01b41_190608-151814,9.46,3,2,236,829
P102C,A01b41_190610-003946,5.79,5,2,236,310
P102C,A01b41_190610-115306,2.15,1,0,0,197
P102C,A01b41_190610-140306,1.23,1,0,0,86
P102C,A01b41_190610-153427,0.95,1,0,0,52
P102C,A01d53_190531-163843,13.65,13,10,999,512
P102C,A01d53_190601-142028,0.65,1,0,0,17
P102C,A01d53_190601-155914,8.63,6,5,464,499
P102C,A01d53_190602-011648,5.26,1,0,0,570
P102C,A01d53_190602-154348,15.1,7,6,590,1141
P102C,A01d53_190603-133712,1.94,0,0,0,231
P102C,A01d53_190610-163232,10.74,6,4,472,739
P102C,A01d53_190611-052829,2.92,3,0,0,288
P102C,A01d53_190611-121945,14.83,5,3,355,1353
P102C,A01d53_190612-125030,12.88,4,2,236,1240
P102C,A01d53_190613-043647,0.64,2,0,0,14
P102C,A01d53_190613-142230,1.02,0,0,0,121
P104C,A01D53_190727-001100,1.5,1,0,0,119
P104C,A01D53_190727-173441,2.76,2,0,0,270
P104C,A01D53_190728-161157,8.66,1,0,0,978
P104C,A01D53_190729-142453,2.02,2,1,118,118
P104C,A01d53_190718-193707,8.67,1,0,0,979
P104C,A01d53_190719-134136,6.05,1,0,0,665
P104C,A01d53_190722-192201,8.91,1,0,0,1007
P104C,A01d53_190723-144729,8.65,1,0,0,977
P104C,A01d53_190724-144321,13.32,1,0,0,1537
P104C,A01d53_190725-150059,4.77,1,0,0,511
P104C,A02160_190715-193714,9.64,1,0,0,1095
P104C,A02160_190716-144136,12.28,1,0,0,1412
P104C,A02160_190718-143844,4.96,1,0,0,534
P104C,A02160_190719-194518,8.43,1,0,0,950
P104C,A02160_190720-182822,9.76,1,0,0,1110
P104C,A02160_190721-183948,3.65,1,0,0,377
P104C,A02160_190722-145552,4.57,1,0,0,487
P104C,A02160_190725-194809,7.12,2,1,118,713
P104C,A02160_190726-140856,5.78,1,0,0,632
P105C,A01AA7_191018-155614,9.77,0,0,0,1171
P105C,A01AA7_191019-125720,11.0,0,0,0,1319
P105C,A01AA7_191020-143024,2.88,0,0,0,344
P105C,A01AA7_191020-180857,8.65,0,0,0,1037
P105C,A01AA7_191021-134057,2.33,1,0,0,217
P105C,A01AA7_191028-152439,7.28,1,0,0,778
P105C,A01AA7_191028-225706,3.91,0,0,0,467
P105C,A01AA7_191029-131901,13.12,0,0,0,1573
P105C,A01AA7_191030-132746,13.12,0,0,0,1572
P105C,A01AA7_191031-135531,1.81,0,0,0,215
P105C,A01aa7_191024-145637,3.06,0,0,0,365
P105C,A01aa7_191024-185340,7.45,0,0,0,892
P105C,A01aa7_191025-131223,2.76,0,0,0,330
P105C,A02160_191017-161139,0.04,1,0,0,0
P105C,A02160_191017-161449,8.33,3,1,118,731
P105C,A02160_191018-134430,2.18,3,0,0,102
P105C,A02160_191021-160122,10.12,1,0,0,1153
P105C,A02160_191022-131304,12.35,1,0,0,1420
P105C,A02160_191023-142846,12.24,2,0,0,1407
P105C,A02160_191024-132123,1.57,1,0,0,127
P105C,A02160_191025-155902,1.74,3,0,0,147
P105C,A02160_191025-183549,7.38,6,4,354,446
P105C,A02160_191026-140224,11.69,2,1,118,1220
P105C,A02160_191027-142135,11.5,3,2,236,1074
P105C,A02160_191028-130550,2.29,2,0,0,214
P106C,A01AA7_191205-231245,5.67,1,0,0,618
P106C,A01AA7_191206-163025,6.08,0,0,0,728
P106C,A01AA7_191213-172119,10.87,1,0,0,1242
P106C,A01AA7_191214-163946,12.69,1,0,0,1461
P106C,A01AA7_191215-161257,12.23,1,0,0,1407
P106C,A01AA7_191216-152515-1,0.84,0,0,0,100
P106C,A01aa7_191209-174530,15.38,0,0,0,1844
P106C,A01aa7_191210-155930,22.48,0,0,0,2697
P106C,A01aa7_191211-200216,0.09,0,0,0,10
P106C,A01fb9_191205-224014,14.65,1,0,0,1697
P106C,A01fb9_191206-183216,4.36,1,0,0,462
P106C,A01fb9_191217-195723,10.07,1,0,0,1147
P106C,A01fb9_191218-142436,6.93,1,0,0,770
P106C,A02160_191206-223546,7.26,1,0,0,810
P106C,A02160_191207-165236,13.45,3,0,0,1551
P106C,A02160_191208-160705,14.14,3,1,118,1514
P106C,A02160_191209-170205,0.71,1,0,0,24
P106C,A02160_191212-181141,10.28,1,0,0,1172
P106C,A02160_191213-155217,1.47,2,0,0,88
P106C,A02160_191216-170721,7.67,2,1,118,737
P106C,A02160_191217-164519,11.12,2,0,0,1273
P106C,A02160_191218-144908,16.0,2,0,0,1858
P106C,A02160_191219-164134,0.72,1,0,0,25
P107C,A01FB9_191125-184601,10.1,1,0,0,1150
P107C,A01FB9_191126-151457,14.06,1,0,0,1626
P107C,A01FB9_191127-155239,1.2,1,0,0,82
P107C,A01bb3_191113-172347,0.11,1,0,0,0
P107C,A01bb3_191113-173252,11.32,2,0,0,1205
P107C,A01bb3_191114-151306,14.32,1,0,0,1657
P107C,A01bb3_191115-140912,1.67,1,0,0,138
P107C,A01bb3_191115-155538,1.16,1,0,0,78
P107C,A01bb3_191118-165632,12.87,1,0,0,1482
P107C,A01bb3_191119-135710,15.44,1,0,0,1791
P107C,A01bb3_191120-151628,10.92,0,0,0,1309
P107C,A01bb3_191122-172520,12.68,1,0,0,1460
P107C,A01bb3_191123-140047,14.71,1,0,0,1704
P107C,A01bb3_191124-165948,2.19,1,0,0,201
P107C,A01bb3_191124-225616,8.04,0,0,0,963
P107C,A01fb9_191115-172642,13.12,1,0,0,1513
P107C,A01fb9_191116-133617,16.46,1,0,0,1914
P107C,A01fb9_191117-151526,4.44,1,0,0,472
P107C,A01fb9_191117-200532,3.09,0,0,0,370
P107C,A01fb9_191121-162924,10.86,2,1,118,1120
P107C,A01fb9_191122-151554,2.07,1,0,0,186
P108C,A01BB3_191206-225434,7.51,2,1,118,718
P108C,A01BB3_191207-155503,9.79,3,1,118,945
P108C,A01BB3_191208-181734,10.1,3,1,118,1028
P108C,A01BB3_191209-180816,4.88,2,1,118,402
P108C,A01BB3_191212-231902,5.03,1,0,0,542
P108C,A01BB3_191213-162436,7.6,3,2,227,619
P108C,A01BB3_191215-083145,3.52,2,0,0,361
P108C,A01BB3_191215-172914,11.73,1,0,0,1346
P108C,A01FB9_191209-230144,4.27,3,0,0,450
P108C,A01FB9_191210-173342,15.95,1,0,0,1853
P108C,A01FB9_191211-170304,14.1,3,3,348,1335
P109C,A01b41_200113-190333,7.12,3,2,201,611
P109C,A01b41_200114-165217,7.6,3,2,236,606
P109C,A01b41_200115-194904,9.38,4,3,354,698
P109C,A01b41_200116-165618,12.49,2,1,118,1315
P109C,A01b41_200117-170307,4.26,1,0,0,450
P109C,A02160_200110-164218,10.42,2,1,118,1067
P109C,A02160_200111-190139,6.21,4,2,207,488
P109C,A02160_200112-022608,2.27,3,0,0,210
P109C,A02160_200112-132811,3.81,2,0,0,396
P109C,A02160_200112-181526,1.44,2,0,0,111
P109C,A02160_200112-194232,3.92,2,0,0,409
P109C,A02160_200112-233838,2.89,1,0,0,285
P109C,A02160_200113-152054,3.61,2,0,0,336
P109C,A02160_200117-211951,4.99,4,3,264,266
P109C,A02160_200118-182621,8.27,2,1,118,809
P109C,A02160_200119-163330,10.36,1,0,0,1181
P109C,A02160_200120-174344,0.83,1,0,0,38
P109C,A02160_200120-185637,8.18,1,0,0,920
P110C,A01aa7_200207-222958,7.16,1,1,118,736
P110C,A01aa7_200208-144058,31.64,2,2,162,3630
P110C,A01aa7_200210-212512,2.18,0,0,0,260
P110C,A01aa7_200211-003345,0.03,0,0,0,2
P110C,A01aa7_200214-185723,10.56,1,1,118,1143
P110C,A01aa7_200215-152745,14.04,4,4,354,1317
P110C,A01aa7_200216-154650,12.56,2,2,236,1262
P110C,A01aa7_200217-142932,0.09,0,0,0,9
P110C,A01aa7_200218-172456,5.99,0,0,0,717
P110C,A01bb3_200210-234138,3.94,2,1,118,294
P110C,A01bb3_200211-141237,11.75,5,2,236,1101
P110C,A01bb3_200212-025849,2.36,1,0,0,221
P110C,A01bb3_200212-143119,14.03,2,0,0,1618
P110C,A01bb3_200213-144459,4.02,0,0,0,481
P110C,A01bb3_200214-155222,0.04,0,0,0,4
P110C,A01bb3_200218-232447,6.89,1,0,0,765
P110C,A01bb3_200220-011537,3.23,2,1,118,204
P110C,A01bb3_200220-222232,6.33,1,0,0,698
P110C,A01bb3_200221-170700,10.01,1,0,0,1140
P110C,A01bb3_200222-030835,1.9,1,0,0,167
P111C,A01b41_200207-200013,3.71,2,1,118,261
P111C,A01b41_200208-001132,6.1,1,0,0,670
P111C,A01b41_200208-143919,15.93,14,12,817,943
P111C,A01b41_200209-161842,6.88,1,1,118,703
P111C,A01b41_200213-205631,4.56,1,0,0,486
P111C,A01b41_200214-031403,1.92,1,0,0,169
P111C,A01b41_200214-160007,4.86,2,0,0,522
P111C,A01b41_200217-210212,8.8,1,0,0,994
P111C,A01b41_200218-135013,2.47,1,0,0,234
P111C,A01b41_200218-171939,0.92,1,0,0,49
P111C,A01b41_200218-193422,9.46,1,0,0,1073
P111C,A01b41_200219-152205,0.85,1,0,0,40
P111C,A01b41_200219-164523,10.8,3,3,344,943
P111C,A01fb9_200210-221221,9.82,1,0,0,1116
P111C,A01fb9_200211-152008,2.78,2,0,0,272
P111C,A01fb9_200211-192036,11.59,5,4,460,857
P111C,A01fb9_200212-151453,5.01,1,0,0,540
P111C,A01fb9_200212-233318,3.04,0,0,0,363
P111C,A01fb9_200214-205259,10.28,4,3,354,806
P111C,A01fb9_200215-145749,3.58,1,0,0,369
P111C,A01fb9_200215-191926,2.44,1,0,0,231
P111C,A01fb9_200215-223353,7.77,3,0,0,870
P111C,A01fb9_200216-162727,6.98,0,0,0,837
P111C,A01fb9_200221-191240,11.65,1,0,0,1336
P112C,A01d53_200210-194142,33.38,17,17,1076,2908
P112C,A01d53_200212-155534,25.35,14,13,1023,1942
P112C,A01d53_200214-180136,37.14,14,14,906,3529
P112C,A01d53_200216-200731,33.72,9,7,756,3182
P112C,A02160_200207-183104,37.99,1,0,0,4496
P112C,A02160_200209-173740,0.16,0,0,0,17
P112C,A02160_200213-171701,24.74,6,5,590,2297
