participant,model,n_labels,n_train_stress,n_test,n_test_stress,pretrain_val_rmse,train_auc,test_auc,test_f1,test_bal_acc
P101C,ssl_finetune,48440,4261,18792,335,0.09273924448425651,0.600586653518248,0.5504519176884716,0.04034031163368702,0.5463280929696211
P101C,supervised,48440,4261,18792,335,0.09273924448425651,0.6260192056786922,0.6180549546788461,0.048414188321312134,0.6072060189921067
P102C,ssl_finetune,55525,15206,14217,4094,0.0054979464124649095,0.5709412465509958,0.529588081738727,0.4873656694742957,0.5976088879618986
P102C,supervised,55525,15206,14217,4094,0.0054979464124649095,0.6288171321087731,0.5439803171358678,0.45762100555435326,0.5615540478880652
P104C,ssl_finetune,37435,1907,11441,1275,0.3070569825976314,0.6588801514868307,0.6090890434474006,0.21154177433247204,0.5481815200996787
P104C,supervised,37435,1907,11441,1275,0.3070569825976314,0.6571172856919016,0.5822294229515532,0.2167650531286895,0.5569919338973047
P105C,ssl_finetune,77190,8145,26817,669,0.08729170611004329,0.6005684969558158,0.5548699103390543,0.06431956668923494,0.5617883301057588
P105C,supervised,77190,8145,26817,669,0.08729170611004329,0.6029873000771153,0.5583362087672494,0.04330760172707052,0.47420838675466526
P106C,ssl_finetune,90688,6613,27235,2144,0.04627199039228433,0.5721886188275925,0.563031302997388,0.1511357201283584,0.5300341365638033
P106C,supervised,90688,6613,27235,2144,0.04627199039228433,0.5810135444026465,0.5384638721025616,0.13652628681530415,0.49463125863647367
P107C,ssl_finetune,79624,4191,31809,1095,0.04632249451769023,0.5410810723131476,0.5183792258702544,0.06165874103328767,0.4756418250211184
P107C,supervised,79624,4191,31809,1095,0.04632249451769023,0.6161842633223451,0.4507077075496635,0.055297284071446046,0.4523484895112755
P108C,ssl_finetune,41579,5387,13755,1593,0.06759485109422658,0.6591184007878612,0.37335786922579906,0.12309644670050762,0.4136986526214993
P108C,supervised,41579,5387,13755,1593,0.06759485109422658,0.6896632071355264,0.6397232000758127,0.2190339550454328,0.5421261339772456
P109C,ssl_finetune,42111,10400,16356,1430,0.018692472802648016,0.6121756691441698,0.3662213071666375,0.10667416572928383,0.40855174572178454
P109C,supervised,42111,10400,16356,1430,0.018692472802648016,0.6299829014683087,0.39782200581142024,0.1053076760414464,0.421881468390915
P110C,ssl_finetune,63783,6133,17301,1755,0.01932327209116962,0.5571699572457816,0.5780514990343886,0.19482514903816606,0.5356721876405397
P110C,supervised,63783,6133,17301,1755,0.01932327209116962,0.5612128209200253,0.5480699132763972,0.0,0.45886401646725844
P111C,ssl_finetune,63801,11992,19730,2143,0.11228198775716082,0.5679012183432885,0.37569886880079756,0.1478961097879097,0.4809171873521201
P111C,supervised,63801,11992,19730,2143,0.11228198775716082,0.592177976140128,0.41944379652376007,0.14006734006734003,0.4859411544622599
P112C,ssl_finetune,19480,3605,8636,4922,0.17492952098381073,0.7299354833073051,0.40099370863992007,0.5025007355104442,0.39502042306945817
P112C,supervised,19480,3605,8636,4922,0.17492952098381073,0.8140826280210121,0.40588022368113275,0.4726989079563183,0.4554988898436504
