participant,model,n_labels,repeat,train_auc,test_auc,test_f1,test_bal_acc
P101C,ssl_finetune,5,0,1.0,0.6513905252951799,0.051086784071077265,0.5829869183636998
P101C,supervised,5,0,0.8333333333333334,0.6526495226096316,0.046653852874366596,0.604743579065177
P101C,ssl_finetune,5,1,1.0,0.35012352228131705,0.010913670071358612,0.37472843292881636
P101C,supervised,5,1,1.0,0.3405176533758578,0.011665387567152725,0.3903296811709993
P101C,ssl_finetune,5,2,0.8333333333333334,0.6510967403864893,0.04402153018069973,0.5752255140831574
P101C,supervised,5,2,0.8333333333333334,0.6589235649783806,0.048603674108246155,0.6285197785251561
P101C,ssl_finetune,10,0,0.8400000000000001,0.6250596990665679,0.07603640040444895,0.6608050660712799
P101C,supervised,10,0,0.8,0.634164686132107,0.040171898355754854,0.5458237339067247
P101C,ssl_finetune,10,1,0.76,0.47742586843643836,0.03630343522733992,0.5174276798270122
P101C,supervised,10,1,0.8,0.4262910403285086,0.031116687578419074,0.48160168976863527
P101C,ssl_finetune,10,2,0.52,0.6581187091577924,0.03730202409343852,0.5295588212699304
P101C,supervised,10,2,0.72,0.6613569741367389,0.04494382022471911,0.6033119335866585
P101C,ssl_finetune,20,0,0.77,0.4837526352093895,0.036222264365636254,0.5136328974405213
P101C,supervised,20,0,0.8200000000000001,0.48461037716548105,0.043810669186496,0.5812255027619663
P101C,ssl_finetune,20,1,0.71,0.6516918307093779,0.05542168674698795,0.5963422848913045
P101C,supervised,20,1,0.71,0.6577424412854727,0.07216035634743875,0.6336207029004083
P101C,ssl_finetune,20,2,0.7,0.3495179194238484,0.01668119009087514,0.3932762637481715
P101C,supervised,20,2,0.75,0.4386578242773239,0.03505465510742555,0.50666098450695
P101C,ssl_finetune,50,0,0.5648,0.53734084629138,0.052024830032515526,0.5932386612206346
P101C,supervised,50,0,0.6335999999999999,0.5439626918234315,0.03618105294247951,0.5145040630946153
P101C,ssl_finetune,50,1,0.6272,0.6566824543371887,0.03657957244655582,0.5209248766192336
P101C,supervised,50,1,0.7248000000000001,0.6495688647837369,0.03636570907432741,0.5185694219480697
P101C,ssl_finetune,50,2,0.5632,0.6530730160219114,0.04474174799868407,0.5720454723726548
P101C,supervised,50,2,0.5728,0.6587019122300402,0.0427564791592022,0.5542639244585438
P101C,ssl_finetune,100,0,0.6123999999999999,0.3410922846891403,0.012887953708574436,0.3775445792115437
P101C,supervised,100,0,0.6048,0.33866542564848184,0.011601584606677987,0.37990779698516686
P101C,ssl_finetune,100,1,0.6244000000000001,0.6939749429694999,0.041884816753926704,0.5768991904539718
P101C,supervised,100,1,0.5264,0.40021680080930344,0.03502604983993472,0.501480488331491
P101C,ssl_finetune,100,2,0.6168,0.6043382804242858,0.0410439437876422,0.5457976951672261
P101C,supervised,100,2,0.652,0.6052797183287658,0.04266855256954267,0.5542961898531399
P101C,ssl_finetune,200,0,0.5951000000000001,0.4787701790122908,0.01174976182915211,0.3946885823361925
P101C,supervised,200,0,0.6277,0.49704395614170577,0.017419125488801993,0.4311285852797022
P101C,ssl_finetune,200,1,0.6313500000000001,0.4699934256226049,0.006409115186042371,0.384263948718239
P101C,supervised,200,1,0.6949000000000001,0.5211264746862211,0.03375934410417169,0.5031068582966944
P101C,ssl_finetune,200,2,0.6113000000000001,0.4853059834920861,0.016580054441969812,0.39194885409329794
P101C,supervised,200,2,0.6795,0.5562450520330029,0.045691581822696795,0.5705037687436469
P101C,ssl_finetune,500,0,0.540176,0.3502735280632111,0.021112560787569682,0.41592624729201155
P101C,supervised,500,0,0.615456,0.4519124322042602,0.03723757955732877,0.5217457438386439
P101C,ssl_finetune,500,1,0.5774880000000001,0.48789327998356813,0.024674891630543514,0.4340251120191425
P101C,supervised,500,1,0.657192,0.6013557126325892,0.03874866690366158,0.5223062236630684
P101C,ssl_finetune,500,2,0.667448,0.47756180359512507,0.03944340966363537,0.5353576970756555
P101C,supervised,500,2,0.6907199999999999,0.5328737468856616,0.04374137381887674,0.5669577290984531
P102C,ssl_finetune,5,0,0.33333333333333337,0.4441397918451122,0.0,0.5
P102C,supervised,5,0,0.33333333333333337,0.44820070002670137,0.0,0.5
P102C,ssl_finetune,5,1,0.6666666666666667,0.5451467829912883,0.2257086824745944,0.5337440951624767
P102C,supervised,5,1,0.6666666666666667,0.5598213541586989,0.2090632140137091,0.536969324692699
P102C,ssl_finetune,5,2,1.0,0.5667308591862832,0.36038487705316363,0.5120161968703365
P102C,supervised,5,2,1.0,0.5157034161301096,0.007622677465459743,0.49760754155253356
P102C,ssl_finetune,10,0,0.6,0.4379435701014309,0.41258289805739773,0.4635157446167393
P102C,supervised,10,0,0.6799999999999999,0.5221218074836328,0.3495840588121493,0.5015344120276148
P102C,ssl_finetune,10,1,0.72,0.560677639146944,0.3279187817258883,0.49270563423095726
P102C,supervised,10,1,0.72,0.5434478460128499,0.26292047944322716,0.4939294551949951
P102C,ssl_finetune,10,2,0.8800000000000001,0.5584269035562145,0.2734660228477211,0.48195882631903114
P102C,supervised,10,2,0.8800000000000001,0.5609201738016631,0.262441135293369,0.4909757394888017
P102C,ssl_finetune,20,0,0.59,0.5511854169291722,0.2451129904339387,0.49757069626399386
P102C,supervised,20,0,0.78,0.5373860842366782,0.3367734926670287,0.5134148218244368
P102C,ssl_finetune,20,1,0.5900000000000001,0.43008203541963885,0.0004869734599464329,0.4995294202752167
P102C,supervised,20,1,0.59,0.5599413848645538,0.027403732577368292,0.5030827466036824
P102C,ssl_finetune,20,2,0.43000000000000005,0.44056482162416444,0.0,0.5
P102C,supervised,20,2,0.6699999999999999,0.4812132943592059,0.05677867902665121,0.4716723552864495
P102C,ssl_finetune,50,0,0.664,0.4321128574807349,0.35798260869565224,0.43352317303227944
P102C,supervised,50,0,0.664,0.5551925290591576,0.32664813343923743,0.48688617788210387
P102C,ssl_finetune,50,1,0.5888,0.5280919989454574,0.42040365264933405,0.47289002330446406
P102C,supervised,50,1,0.5536,0.4401678600888601,0.41572138083266913,0.47813194724912883
P102C,ssl_finetune,50,2,0.6128,0.5611453595615166,0.29223236145114617,0.48358096005357837
P102C,supervised,50,2,0.5808,0.5606908981423941,0.266717229174567,0.4924250840214941
P102C,ssl_finetune,100,0,0.6175999999999999,0.5505221414124587,0.24758277175505422,0.5099962088200817
P102C,supervised,100,0,0.6439999999999999,0.557502634546712,0.2320787131032329,0.5133939380017577
P102C,ssl_finetune,100,1,0.6668,0.5038716025422718,0.07262804366078926,0.49658042182764117
P102C,supervised,100,1,0.6732,0.5058157404520394,0.32361516034985427,0.5240818103424604
P102C,ssl_finetune,100,2,0.5812,0.4834776991417872,0.18601446779193936,0.5080621931097525
P102C,supervised,100,2,0.52,0.45206510000274586,0.034046468829077525,0.5001963634303441
P102C,ssl_finetune,200,0,0.7142999999999999,0.535056735712051,0.3340893403017454,0.49188269579723864
P102C,supervised,200,0,0.7045000000000001,0.5329447550864475,0.4016035634743876,0.5343938100687388
P102C,ssl_finetune,200,1,0.5793999999999999,0.5138607777005268,0.24783576552065295,0.4746907131196879
P102C,supervised,200,1,0.5392,0.514934261683395,0.28843032691861814,0.4895272032843123
P102C,ssl_finetune,200,2,0.5969,0.5302487392372307,0.4403153153153153,0.4956551273271347
P102C,supervised,200,2,0.5761000000000001,0.512037937279619,0.3866884051021386,0.5329866675070063
P102C,ssl_finetune,500,0,0.6097919999999999,0.5049950580985293,0.28970006975122065,0.49105566746410456
P102C,supervised,500,0,0.5375279999999999,0.5429730557426508,0.45174919722832513,0.5761816877612981
P102C,ssl_finetune,500,1,0.573816,0.5138994930020736,0.34650635655858875,0.5025637757681156
P102C,supervised,500,1,0.6413119999999999,0.5130598450972916,0.39343306780648923,0.5410995681307509
P102C,ssl_finetune,500,2,0.585824,0.5090510801171,0.37090964824890793,0.47277466159882686
P102C,supervised,500,2,0.645744,0.543918872127835,0.30225988700564965,0.5194260932494171
P104C,ssl_finetune,5,0,0.6666666666666667,0.4382638398660664,0.00958849380743108,0.4448986818807791
P104C,supervised,5,0,1.0,0.5070183194269248,0.007427055702917773,0.47308741556823397
P104C,ssl_finetune,5,1,0.8333333333333334,0.4409455972040596,0.1434827945776851,0.4786949963932061
P104C,supervised,5,1,0.8333333333333334,0.448519941519791,0.1420037549069807,0.458140205915142
P104C,ssl_finetune,5,2,1.0,0.49020510505992676,0.03300330033003301,0.4738376286969637
P104C,supervised,5,2,1.0,0.4438004806486828,0.14492179766382896,0.47581349596694866
P104C,ssl_finetune,10,0,0.76,0.49640944632820666,0.19152744630071597,0.5163230375762344
P104C,supervised,10,0,0.72,0.500216330482616,0.19796516640800135,0.5308230047871991
P104C,ssl_finetune,10,1,0.92,0.43594669660112717,0.07642487046632125,0.46290838743524165
P104C,supervised,10,1,1.0,0.42488062862367054,0.13892709766162312,0.4549590137058167
P104C,ssl_finetune,10,2,0.8,0.49493683288778817,0.17334022216481532,0.47806938159879336
P104C,supervised,10,2,0.92,0.5276961266505422,0.1761239265869675,0.501428946160404
P104C,ssl_finetune,20,0,0.9500000000000001,0.47037132618146615,0.15860456752382665,0.48383041510918745
P104C,supervised,20,0,0.9400000000000001,0.4830032441857325,0.18721872187218722,0.501504360941701
P104C,ssl_finetune,20,1,0.81,0.559062465041102,0.21786225219701613,0.5572883467768378
P104C,supervised,20,1,0.79,0.5581908167555828,0.20966228893058164,0.5502695258705489
P104C,ssl_finetune,20,2,0.92,0.4661093302164462,0.008113590263691683,0.4458849760640042
P104C,supervised,20,2,0.88,0.4959743551168254,0.09308072487644152,0.4931628303495311
P104C,ssl_finetune,50,0,0.792,0.5269734948868392,0.2163195920101998,0.5558935012131944
P104C,supervised,50,0,0.8096000000000001,0.5489260626540602,0.2072131147540984,0.5468896321070235
P104C,ssl_finetune,50,1,0.5984,0.5269299433328318,0.184896294983159,0.46813823857302117
P104C,supervised,50,1,0.6320000000000001,0.5253814907824236,0.1943796286902709,0.5007108662863138
P104C,ssl_finetune,50,2,0.7312000000000001,0.5043260310222849,0.18534119629317608,0.4938750081972588
P104C,supervised,50,2,0.7472,0.536844923292945,0.18794250160909678,0.5267715915797757
P104C,ssl_finetune,100,0,0.7016,0.5413418816277249,0.2173096976016684,0.5568122499836055
P104C,supervised,100,0,0.6504,0.5385489887475746,0.22048611111111113,0.5602721489933766
P104C,ssl_finetune,100,1,0.6527999999999999,0.5574331200117268,0.20724215971548657,0.5413587776247623
P104C,supervised,100,1,0.6547999999999999,0.5495845050591552,0.19917984768599883,0.5269952128008394
P104C,ssl_finetune,100,2,0.678,0.5230806648844861,0.1972957531898686,0.5330605285592498
P104C,supervised,100,2,0.7040000000000001,0.5309643448172108,0.2116250511665984,0.5505711849957374
P104C,ssl_finetune,200,0,0.7327,0.5346792653713068,0.18708240534521156,0.513049380287232
P104C,supervised,200,0,0.8379,0.5389407598569627,0.1932059447983015,0.5318643845498066
P104C,ssl_finetune,200,1,0.7015999999999999,0.5469002788996772,0.19737061075054085,0.5288799265525608
P104C,supervised,200,1,0.8007,0.5416801101711588,0.19095795131204554,0.5181434848186767
P104C,ssl_finetune,200,2,0.6801999999999999,0.49008988053218533,0.18919716646989373,0.5123404813430388
P104C,supervised,200,2,0.7678,0.5133537011105839,0.18765993744668752,0.5080365925634468
P104C,ssl_finetune,500,0,0.640072,0.5446129157938997,0.20610321137561913,0.5395337399173716
P104C,supervised,500,0,0.72816,0.5423143658407688,0.21013348643605567,0.5431084005508557
P104C,ssl_finetune,500,1,0.705936,0.5269758865576527,0.19601895734597158,0.5314387828710079
P104C,supervised,500,1,0.744416,0.5523957212237639,0.2078922040423484,0.5489612433602203
P104C,ssl_finetune,500,2,0.6379039999999999,0.536892911010558,0.21652129297075423,0.5545012787723785
P104C,supervised,500,2,0.721136,0.5593360798972353,0.17076923076923076,0.5178595317725753
P105C,ssl_finetune,5,0,0.5,0.6432984782723524,0.08448371065709552,0.6088242264968434
P105C,supervised,5,0,0.5,0.6402854179714734,0.08366698881678862,0.6065438301877344
P105C,ssl_finetune,5,1,1.0,0.6433055668171954,0.09034190167207387,0.6370246873437233
P105C,supervised,5,1,1.0,0.643286273398772,0.08346389403218915,0.6031238359637552
P105C,ssl_finetune,5,2,0.5,0.5544317067866872,0.0,0.5
P105C,supervised,5,2,0.6666666666666667,0.5629396469858936,0.09994655264564403,0.5845749719945312
P105C,ssl_finetune,10,0,0.56,0.43335978961198907,0.032590205031784406,0.36465529778405226
P105C,supervised,10,0,0.68,0.4334140112634691,0.0345951126018208,0.39042676012570043
P105C,ssl_finetune,10,1,0.8800000000000001,0.6390360619429062,0.07275756734240489,0.6074553370225779
P105C,supervised,10,1,0.9600000000000001,0.6444830369978596,0.0504363655833378,0.5166768021424784
P105C,ssl_finetune,10,2,0.52,0.6432392832063455,0.07816091954022987,0.5834810780441928
P105C,supervised,10,2,0.8400000000000001,0.5409227982007901,0.07809793733270351,0.5814427498249015
P105C,ssl_finetune,20,0,0.58,0.35683045892839954,0.037846111033811046,0.4132392980694234
P105C,supervised,20,0,0.58,0.3565779866840542,0.03915526148826249,0.42197887362107794
P105C,ssl_finetune,20,1,0.37,0.6432961344792996,0.0751201923076923,0.5449680706787373
P105C,supervised,20,1,0.36,0.6434147818568923,0.08269096005606166,0.5486663188706439
P105C,ssl_finetune,20,2,0.56,0.3570409715605294,0.03519481138823979,0.3946657385246177
P105C,supervised,20,2,0.56,0.3565505185727878,0.0398635302567786,0.4271613430551583
P105C,ssl_finetune,50,0,0.544,0.6453953155694401,0.07651588065447547,0.597600087394898
P105C,supervised,50,0,0.5424,0.652619657495233,0.096593980897459,0.6121086523007016
P105C,ssl_finetune,50,1,0.5920000000000001,0.35641126296603465,0.03515792482492496,0.3942450562544632
P105C,supervised,50,1,0.5968,0.35607792986136405,0.03639774859287055,0.402517559583221
P105C,ssl_finetune,50,2,0.6960000000000001,0.3823288693793842,0.03292618162506638,0.3780987802443627
P105C,supervised,50,2,0.5744,0.35348909610306106,0.0363347655520269,0.4015248488939469
P105C,ssl_finetune,100,0,0.48440000000000005,0.6463963438657676,0.09425314373016806,0.657453073261483
P105C,supervised,100,0,0.6428,0.5500375235551203,0.07505230125523013,0.5865353548033924
P105C,ssl_finetune,100,1,0.5640000000000001,0.527821509526204,0.08854454897620365,0.5930940880850022
P105C,supervised,100,1,0.6216,0.5626029411058542,0.08471760797342193,0.6092066649242567
P105C,ssl_finetune,100,2,0.49039999999999995,0.6466051129445289,0.09216974246689605,0.6681899034883186
P105C,supervised,100,2,0.6672,0.486885591800886,0.06841938549255623,0.5576220664571658
P105C,ssl_finetune,200,0,0.5568,0.5130367200342628,0.04402677651905253,0.46039292718715336
P105C,supervised,200,0,0.5868,0.558758720339299,0.044264575692424424,0.4616171588975072
P105C,ssl_finetune,200,1,0.6286,0.600014937393286,0.06552915314560871,0.570037252589777
P105C,supervised,200,1,0.6565000000000001,0.5560761348588796,0.06376360808709176,0.5606442732675196
P105C,ssl_finetune,200,2,0.6714,0.5674324410227353,0.04335069756302019,0.4709125563968058
P105C,supervised,200,2,0.6661999999999999,0.5677754065451965,0.06135681796186973,0.558188178227969
P105C,ssl_finetune,500,0,0.621696,0.5288652405886418,0.043617481609692775,0.4572040252416222
P105C,supervised,500,0,0.635088,0.5619917827758879,0.04400684931506849,0.460088605667223
P105C,ssl_finetune,500,1,0.585888,0.4625689675397239,0.03985637342908438,0.42708485536967566
P105C,supervised,500,1,0.6281839999999999,0.4156450301411787,0.03865168539325843,0.4169274279352235
P105C,ssl_finetune,500,2,0.612256,0.5633266872508862,0.06650990930466913,0.5696669904531021
P105C,supervised,500,2,0.627408,0.5550555558985497,0.06459655485040798,0.5625149631178439
P106C,ssl_finetune,5,0,1.0,0.5895306755053397,0.2553053620605864,0.619183745792182
P106C,supervised,5,0,1.0,0.5896958857073684,0.27540007443245257,0.6229552414286623
P106C,ssl_finetune,5,1,1.0,0.5895022621389485,0.21261125736492412,0.5984227858356775
P106C,supervised,5,1,1.0,0.5895846395240727,0.21997105643994214,0.6028778752802485
P106C,ssl_finetune,5,2,0.8333333333333334,0.41082049957557476,0.11274415006768516,0.4257018817177117
P106C,supervised,5,2,1.0,0.46440637051282585,0.11033891033891036,0.4037487314830732
P106C,ssl_finetune,10,0,0.8400000000000001,0.5892068077422065,0.18319244157135753,0.5754924741850114
P106C,supervised,10,0,0.8400000000000001,0.5904095194239238,0.1897983392645314,0.5806971578677494
P106C,ssl_finetune,10,1,0.72,0.525803426274629,0.14455052811217192,0.5073419042000551
P106C,supervised,10,1,0.76,0.607191938879791,0.14912973040335648,0.5173905138281729
P106C,ssl_finetune,10,2,0.8,0.4105117818900397,0.10763454317897372,0.3764976177014176
P106C,supervised,10,2,0.8,0.40969238576060746,0.1086054078312577,0.37743810291732127
P106C,ssl_finetune,20,0,0.8900000000000001,0.5413776409838338,0.12163284680194611,0.4663318338412358
P106C,supervised,20,0,0.89,0.5676288682330645,0.1480293921175685,0.5248854988736521
P106C,ssl_finetune,20,1,0.5900000000000001,0.5895302293680852,0.23764397142440588,0.6123481887868457
P106C,supervised,20,1,0.6799999999999999,0.5594913525959537,0.25114371351948256,0.6179008781170866
P106C,ssl_finetune,20,2,0.5499999999999999,0.37884554512618845,0.0,0.5
P106C,supervised,20,2,0.7,0.3409988853260698,0.0,0.49988043521581443
P106C,ssl_finetune,50,0,0.6016,0.6437500892274509,0.28034188034188035,0.6246210621695238
P106C,supervised,50,0,0.7407999999999999,0.6437401812625922,0.21828653707703385,0.5962056509826619
P106C,ssl_finetune,50,1,0.5824,0.41862159054474546,0.12935463438665634,0.44169054864175
P106C,supervised,50,1,0.6688000000000001,0.4392376395442976,0.11969815248503773,0.43256527582881893
P106C,ssl_finetune,50,2,0.5968,0.3998983253197168,0.1175244508577842,0.479698291874294
P106C,supervised,50,2,0.6,0.46116694002487657,0.11791304347826087,0.5139548108318556
P106C,ssl_finetune,100,0,0.5536,0.5864077147243734,0.1792652772871777,0.5739993457397164
P106C,supervised,100,0,0.5744,0.6102861888695299,0.19703555109773765,0.5876879427540469
P106C,ssl_finetune,100,1,0.5464,0.5535650511987114,0.15357842070915814,0.5382256905758561
P106C,supervised,100,1,0.5632,0.5231241861712917,0.16822263714768382,0.5580673475415161
P106C,ssl_finetune,100,2,0.6284,0.5298537855787024,0.24190592547342699,0.6127234924576036
P106C,supervised,100,2,0.7152,0.5771598657007894,0.21638289314921574,0.5983666190142508
P106C,ssl_finetune,200,0,0.6004,0.45191712056175226,0.12258710261665316,0.4501597952111032
P106C,supervised,200,0,0.6888,0.6181118824493768,0.1990641605202633,0.6091452950811286
P106C,ssl_finetune,200,1,0.6293000000000001,0.5643334846977895,0.1440542442269558,0.5162300457677338
P106C,supervised,200,1,0.6266,0.5443399923532074,0.13121205306948508,0.48366495397053233
P106C,ssl_finetune,200,2,0.5802,0.5124642476757736,0.14038415935499168,0.4971958042873196
P106C,supervised,200,2,0.6405,0.5350516656683106,0.14743589743589744,0.5134773789079393
P106C,ssl_finetune,500,0,0.5769759999999999,0.5071046242423846,0.13580187078951195,0.48620524090816886
P106C,supervised,500,0,0.594192,0.5441134754568,0.15447190810351763,0.5343070625906774
P106C,ssl_finetune,500,1,0.553504,0.5428660292208005,0.18526477359938603,0.5886052845998773
P106C,supervised,500,1,0.6268320000000001,0.480512260000464,0.10602032838154808,0.5011015965319074
P106C,ssl_finetune,500,2,0.618272,0.41825424298835817,0.11420665966987882,0.4280092757140129
P106C,supervised,500,2,0.6728000000000001,0.45642825599891024,0.12561724122017628,0.4554349314019357
P107C,ssl_finetune,5,0,0.8333333333333334,0.49765281877316814,0.05527104068025897,0.4513773559155122
P107C,supervised,5,0,0.8333333333333334,0.4981586342461888,0.058695940861404984,0.4635947107249293
P107C,ssl_finetune,5,1,0.6666666666666667,0.47033268781389537,0.0661925601750547,0.5132339364227281
P107C,supervised,5,1,1.0,0.4291711453108558,0.0,0.5
P107C,ssl_finetune,5,2,0.6666666666666667,0.5250480571530006,0.06773731912863731,0.5161734731651534
P107C,supervised,5,2,1.0,0.4945993572160658,0.0,0.49975581168196914
P107C,ssl_finetune,10,0,0.76,0.5021958216368243,0.07823310271420969,0.5428428069480609
P107C,supervised,10,0,0.8400000000000001,0.5798280081696416,0.08966989653473477,0.547803330951661
P107C,ssl_finetune,10,1,0.92,0.49794342145521076,0.055324651334626405,0.4485827265420883
P107C,supervised,10,1,0.92,0.49749225659144924,0.062933902970053,0.48378223843305584
P107C,ssl_finetune,10,2,0.68,0.5022770393404106,0.0787263820853744,0.54452679203005
P107C,supervised,10,2,0.9600000000000001,0.5156196674400411,0.06899435500731758,0.5181557917008976
P107C,ssl_finetune,20,0,0.76,0.4988186786148716,0.05090575556065123,0.44381871280866964
P107C,supervised,20,0,0.79,0.4688125802253401,0.06098151195431227,0.47939162097334576
P107C,ssl_finetune,20,1,0.8200000000000001,0.4973897643987853,0.05523526129812163,0.44859499170874734
P107C,supervised,20,1,0.8600000000000001,0.48440472909145893,0.056947608200455586,0.48817794036185364
P107C,ssl_finetune,20,2,0.76,0.4461883281403361,0.054314639241523376,0.4964402918306854
P107C,supervised,20,2,0.89,0.4690771956209341,0.046454767726161375,0.49183795529413654
P107C,ssl_finetune,50,0,0.672,0.5144499719462188,0.07573467674223343,0.5372182245212348
P107C,supervised,50,0,0.6736000000000001,0.5142675554675437,0.07264274298997529,0.5301761010328608
P107C,ssl_finetune,50,1,0.744,0.4980631740824094,0.055620608899297416,0.4537199581467913
P107C,supervised,50,1,0.7584,0.5039807973577413,0.060907070971114884,0.47472604077744207
P107C,ssl_finetune,50,2,0.6384000000000001,0.5109542359128243,0.062332301341589263,0.4879661766844088
P107C,supervised,50,2,0.7504,0.496461343316733,0.05981893160164952,0.47278305997621894
P107C,ssl_finetune,100,0,0.5804,0.5591307996026385,0.07587798000512688,0.5372777217296829
P107C,supervised,100,0,0.6859999999999999,0.5413838913909829,0.0671804900494651,0.5143973432310999
P107C,ssl_finetune,100,1,0.6604,0.5429436786520389,0.08774431675195034,0.5710879693433274
P107C,supervised,100,1,0.718,0.526955045265155,0.07747895403412053,0.5452178784205319
P107C,ssl_finetune,100,2,0.6268,0.5069963781334528,0.0637615358041751,0.4934534338452591
P107C,supervised,100,2,0.678,0.5074031059267367,0.06989758209270404,0.5225246886654696
P107C,ssl_finetune,200,0,0.6191,0.44520668366841765,0.0544395924308588,0.44760802489784235
P107C,supervised,200,0,0.7227,0.46302960617962213,0.05230357038849089,0.45065999976807686
P107C,ssl_finetune,200,1,0.6476000000000001,0.5874473973019012,0.09330194735715815,0.5718646442967867
P107C,supervised,200,1,0.6709999999999999,0.5250837227709584,0.07468879668049794,0.5288084680494638
P107C,ssl_finetune,200,2,0.642,0.49942210994763003,0.0619826367857864,0.48566255538280256
P107C,supervised,200,2,0.8095,0.48391009350368386,0.053411569999247725,0.46930563992503527
P107C,ssl_finetune,500,0,0.594512,0.47279956220045116,0.05382960628345591,0.44684071607165
P107C,supervised,500,0,0.7015199999999999,0.4718729994769835,0.059768431650725366,0.4709123321567693
P107C,ssl_finetune,500,1,0.635104,0.5232499391201728,0.05959408556811154,0.47890435935243486
P107C,supervised,500,1,0.690848,0.43743635121847374,0.05533877261440227,0.45479139850552286
P107C,ssl_finetune,500,2,0.6072,0.5429413594205251,0.0696411856474259,0.520829553431972
P107C,supervised,500,2,0.78424,0.4724993406543741,0.04747320061255743,0.4518181883055427
P108C,ssl_finetune,5,0,0.6666666666666667,0.2892378915195189,0.02535944752632175,0.24210989061356558
P108C,supervised,5,0,0.6666666666666667,0.3228067355608265,0.05933354225425675,0.27274465772956485
P108C,ssl_finetune,5,1,1.0,0.705270437294887,0.27393526405451446,0.6095732563314278
P108C,supervised,5,1,1.0,0.7084025624770763,0.07914691943127962,0.451282141807507
P108C,ssl_finetune,5,2,1.0,0.23691970492925957,0.010224948875255623,0.29646492378006767
P108C,supervised,5,2,1.0,0.3347856872171283,0.07559055118110236,0.38962820194790293
P108C,ssl_finetune,10,0,0.84,0.5954725507799963,0.18956243640063963,0.514133894248115
P108C,supervised,10,0,0.8,0.7118656197413595,0.29313232830820773,0.6306660150739654
P108C,ssl_finetune,10,1,1.0,0.3369517013104012,0.1670068658378178,0.44187577868269884
P108C,supervised,10,1,1.0,0.3796201065899125,0.15415226725311548,0.43418449178401686
P108C,ssl_finetune,10,2,0.6399999999999999,0.2900510662036559,0.028812605514912777,0.24565184200363518
P108C,supervised,10,2,0.6399999999999999,0.288508101500222,0.017815741305674194,0.25449471990030387
P108C,ssl_finetune,20,0,0.57,0.29469038662302477,0.07137192704203013,0.27855100214895523
P108C,supervised,20,0,0.58,0.29178041408551,0.07591956841589015,0.28373664567881623
P108C,ssl_finetune,20,1,0.68,0.28782915264147446,0.019237039452233453,0.3342560616857607
P108C,supervised,20,1,0.8200000000000001,0.23825060779704166,0.017099236641221375,0.3160886568673814
P108C,ssl_finetune,20,2,0.66,0.3098089218855763,0.023228111971411558,0.44128233071983963
P108C,supervised,20,2,0.61,0.316277930507721,0.013051422605063952,0.41686672792381324
P108C,ssl_finetune,50,0,0.7024,0.6508335421175916,0.2514896867838044,0.5885675985619125
P108C,supervised,50,0,0.7824000000000001,0.6648724898531883,0.29025373488261796,0.6093737370358911
P108C,ssl_finetune,50,1,0.6944,0.4524609599244681,0.23476335001230414,0.5722819618762526
P108C,supervised,50,1,0.6864,0.4468460053764656,0.23371094046985483,0.5703609402383578
P108C,ssl_finetune,50,2,0.6256,0.6789830281366853,0.34928097345132747,0.7165172246238863
P108C,supervised,50,2,0.5824,0.7121962937464958,0.37238723872387236,0.7471763800123319
P108C,ssl_finetune,100,0,0.7328,0.48214706195385104,0.211202741780015,0.5316463771724531
P108C,supervised,100,0,0.802,0.5382953170490903,0.2308385933273219,0.5644074919534185
P108C,ssl_finetune,100,1,0.6924,0.6789341225533142,0.27804801506354937,0.6180028497889911
P108C,supervised,100,1,0.7300000000000001,0.6042111397782995,0.21753857734286788,0.5522047617676125
P108C,ssl_finetune,100,2,0.628,0.32088228149940234,0.07715798045602607,0.2961491924307474
P108C,supervised,100,2,0.6168000000000001,0.32827510239719426,0.10450557034407966,0.33663728615356214
P108C,ssl_finetune,200,0,0.702,0.25203769823020117,0.07558874210224009,0.3244038964252522
P108C,supervised,200,0,0.748,0.3544810882754296,0.11525808281338627,0.3834239028606592
P108C,ssl_finetune,200,1,0.7601000000000001,0.2484507898342041,0.07984031936127743,0.32254047756418297
P108C,supervised,200,1,0.8568,0.32193355798416295,0.09674931129476583,0.3482409164911485
P108C,ssl_finetune,200,2,0.7711,0.3425207955831264,0.13363363363363362,0.4033213265609811
P108C,supervised,200,2,0.8008999999999998,0.45270889445715734,0.1444183433765703,0.41394090946113227
P108C,ssl_finetune,500,0,0.6645599999999999,0.5596951099474937,0.22872989462007765,0.5608586499085944
P108C,supervised,500,0,0.8495999999999999,0.6346212250954446,0.22219617953826323,0.5512107267519373
P108C,ssl_finetune,500,1,0.6994400000000001,0.5391346091212862,0.1751421109233369,0.5002364501080981
P108C,supervised,500,1,0.8044640000000001,0.664676067481137,0.27753560011624523,0.621570970182511
P108C,ssl_finetune,500,2,0.650624,0.42033510157341264,0.08528198074277854,0.4144217068322158
P108C,supervised,500,2,0.7029599999999999,0.4644870106254413,0.1956149898927072,0.5243872659461364
P109C,ssl_finetune,5,0,0.8333333333333334,0.7002194040717423,0.17971589032044927,0.5507192593015988
P109C,supervised,5,0,0.8333333333333334,0.6998618592984129,0.18967411204686926,0.5556539065918672
P109C,ssl_finetune,5,1,0.5,0.3002352866214584,0.0,0.5
P109C,supervised,5,1,0.8333333333333334,0.5510097600376309,0.1833791208791209,0.5526558527898472
P109C,ssl_finetune,5,2,0.6666666666666667,0.2997210246540275,0.0,0.5
P109C,supervised,5,2,0.6666666666666667,0.30109132794045024,0.05187946567256912,0.39622491939254634
P109C,ssl_finetune,10,0,0.8,0.5966208118559719,0.20737140542729846,0.5940372972866608
P109C,supervised,10,0,0.76,0.5057749934642605,0.15826519729825808,0.5031900499339866
P109C,ssl_finetune,10,1,0.52,0.7002121187133916,0.2800579430226943,0.6313782023952197
P109C,supervised,10,1,0.6799999999999999,0.6964444171666468,0.1807426881367072,0.5513327286407818
P109C,ssl_finetune,10,2,0.48,0.6138762885245532,0.1893744644387318,0.5543931882133677
P109C,supervised,10,2,0.8400000000000001,0.37221195660831197,0.11521178637200737,0.3927820604961165
P109C,ssl_finetune,20,0,0.55,0.7002613827282191,0.2193534149840009,0.625155288233139
P109C,supervised,20,0,0.55,0.6996314217739917,0.2765021983390327,0.6276220496641238
P109C,ssl_finetune,20,1,0.59,0.2997665171489371,0.05035680624747543,0.37075778971129364
P109C,supervised,20,1,0.63,0.30130972471184186,0.08224299065420561,0.3770385182283883
P109C,ssl_finetune,20,2,0.78,0.2997952369217276,0.07932011331444759,0.38638003427632267
P109C,supervised,20,2,0.79,0.3011021037116441,0.0780358766636356,0.323516808797527
P109C,ssl_finetune,50,0,0.6048,0.4193979576634005,0.12210558814448906,0.4169660300840792
P109C,supervised,50,0,0.6016,0.4502550343934506,0.12758264462809918,0.4076279341722193
P109C,ssl_finetune,50,1,0.6863999999999999,0.29993663378026236,0.14306016106110847,0.44502267128556827
P109C,supervised,50,1,0.7136,0.3295235047680445,0.09644670050761422,0.3644258997066179
P109C,ssl_finetune,50,2,0.6032,0.7002858156181218,0.2771726535341831,0.6324796267647668
P109C,supervised,50,2,0.47040000000000004,0.41617101242586974,0.17998815867377146,0.5512220193045598
P109C,ssl_finetune,100,0,0.5787999999999999,0.29987293960227096,0.0890448343079922,0.33706157837874307
P109C,supervised,100,0,0.5884,0.29995200096700836,0.08314087759815242,0.35008953260326703
P109C,ssl_finetune,100,1,0.5816000000000001,0.6778700798062984,0.14324178782983307,0.5366549101441236
P109C,supervised,100,1,0.5619999999999999,0.35919962725201904,0.11954022988505747,0.5294629261934635
P109C,ssl_finetune,100,2,0.5368,0.6991895448782759,0.280057251908397,0.6323853153412312
P109C,supervised,100,2,0.6032000000000001,0.5709681280798793,0.16931216931216933,0.5446893719974251
P109C,ssl_finetune,200,0,0.6145999999999999,0.37240920007233824,0.10036229091189394,0.36275570202275276
P109C,supervised,200,0,0.6206,0.3726649372334753,0.11775751072961374,0.3847767400762175
P109C,ssl_finetune,200,1,0.6165,0.2999520243925979,0.08594290230168922,0.37546652061592434
P109C,supervised,200,1,0.6520999999999999,0.3729848370843949,0.07873655298695353,0.3869955182162069
P109C,ssl_finetune,200,2,0.5847,0.3640186926834388,0.11859486137320367,0.3993920590999514
P109C,supervised,200,2,0.7052,0.5429851603575307,0.14247414783607812,0.48310649554117324
P109C,ssl_finetune,500,0,0.56408,0.3177047560505955,0.11978438810141745,0.3893536786140297
P109C,supervised,500,0,0.629392,0.46438605277879036,0.13417848625580517,0.42372262602732924
P109C,ssl_finetune,500,1,0.618272,0.30879328697565334,0.08096676737160122,0.33951864161565354
P109C,supervised,500,1,0.652896,0.36406983074543037,0.10308891183926393,0.4014582429496003
P109C,ssl_finetune,500,2,0.605472,0.3090510621630815,0.08214172227518272,0.32431070202743795
P109C,supervised,500,2,0.620656,0.3665811242221533,0.10243778136413827,0.38456286444360943
P110C,ssl_finetune,5,0,0.8333333333333334,0.6306785706824302,0.18438747636057995,0.5006432522835456
P110C,supervised,5,0,0.8333333333333334,0.4755124301631441,0.18500948766603414,0.5027016595908915
P110C,ssl_finetune,5,1,1.0,0.5228807219673037,0.0,0.4982310562202496
P110C,supervised,5,1,1.0,0.5246103742115578,0.0,0.4980380805351859
P110C,ssl_finetune,5,2,0.8333333333333334,0.46355909839120957,0.0,0.49996783738582273
P110C,supervised,5,2,0.8333333333333334,0.5284411156596928,0.0,0.4935674771645439
P110C,ssl_finetune,10,0,0.52,0.5227420470376858,0.0,0.49401775376302587
P110C,supervised,10,0,0.8800000000000001,0.587215058480979,0.0,0.49440370513315324
P110C,ssl_finetune,10,1,0.76,0.49753680191091737,0.19530683908366311,0.5349101261104349
P110C,supervised,10,1,0.84,0.49930682694094497,0.1859504132231405,0.5057892705519105
P110C,ssl_finetune,10,2,0.88,0.47602344003990726,0.1961989938513136,0.5375016081307089
P110C,supervised,10,2,0.88,0.47558338950336887,0.20572031414839995,0.564132252669497
P110C,ssl_finetune,20,0,0.6,0.4485778443388118,0.0,0.4995175607873408
P110C,supervised,20,0,0.5,0.474436622789897,0.05066344993968637,0.4964319290641174
P110C,ssl_finetune,20,1,0.62,0.4971980223749167,0.0,0.5
P110C,supervised,20,1,0.74,0.4888357793413757,0.0,0.4993567477164544
P110C,ssl_finetune,20,2,0.64,0.47543571637229165,0.0,0.5
P110C,supervised,20,2,0.65,0.47622741149050163,0.21312769445625113,0.5832046828766242
P110C,ssl_finetune,50,0,0.584,0.5236303766086348,0.18409866176856468,0.4997150997150997
P110C,supervised,50,0,0.72,0.47943773519484323,0.03343701399688957,0.48735684887749725
P110C,ssl_finetune,50,1,0.5935999999999999,0.5212337029010128,0.1841939546599496,0.5
P110C,supervised,50,1,0.7024,0.5236704011951664,0.08242012656274117,0.4327196046802376
P110C,ssl_finetune,50,2,0.6976,0.4771854175623634,0.18570446008147715,0.5049852051974785
P110C,supervised,50,2,0.8256,0.4925850788194799,0.1964935865120708,0.5383745619561906
P110C,ssl_finetune,100,0,0.6344,0.5220398207983439,0.0,0.45452206355332564
P110C,supervised,100,0,0.6364000000000001,0.4884328761660551,0.0010178117048346056,0.4935629139218487
P110C,ssl_finetune,100,1,0.5984,0.511780808210758,0.0,0.4996783738582272
P110C,supervised,100,1,0.7048000000000001,0.5368469202510113,0.0007719027402547278,0.4734291174468712
P110C,ssl_finetune,100,2,0.6432,0.5205816906575944,0.18566878980891718,0.5050447472678272
P110C,supervised,100,2,0.6272,0.48802190942934537,0.21630327056491577,0.5908039663925422
P110C,ssl_finetune,200,0,0.6074,0.479343354874038,0.1945106736900471,0.5325209661759256
P110C,supervised,200,0,0.6025,0.5103516152596301,0.19375863021264841,0.530269583183516
P110C,ssl_finetune,200,1,0.6696000000000001,0.47752487517057174,0.22203853246010047,0.6042157765044681
P110C,supervised,200,1,0.7496,0.5601415045066145,0.23676612127045238,0.6122631924445896
P110C,ssl_finetune,200,2,0.6455,0.532312596419119,0.1914324693042292,0.5231938080645143
P110C,supervised,200,2,0.6922999999999999,0.5269871272572932,0.19085422217388942,0.5213881384278914
P110C,ssl_finetune,500,0,0.600592,0.49598229388529147,0.19377659868457414,0.5303384716545658
P110C,supervised,500,0,0.60728,0.5376676625164982,0.19276710519073045,0.5273243124072919
P110C,ssl_finetune,500,1,0.5793600000000001,0.5305479043353737,0.20126455120250547,0.5521155852881056
P110C,supervised,500,1,0.6404639999999999,0.5311373140203708,0.014766958929395477,0.49182200934420156
P110C,ssl_finetune,500,2,0.5514479999999999,0.49006525253791433,0.1973669404748509,0.5409154084761958
P110C,supervised,500,2,0.6068560000000001,0.5000324741608674,0.19117166212534062,0.5223897427100823
P111C,ssl_finetune,5,0,1.0,0.3626632411879124,0.09540180489901161,0.3754116492686807
P111C,supervised,5,0,1.0,0.36655474081906414,0.08354987007795324,0.3858648084593303
P111C,ssl_finetune,5,1,1.0,0.6417772391110697,0.07052273430250541,0.498850458546978
P111C,supervised,5,1,1.0,0.59777585684883,0.09896373056994819,0.5011793777914854
P111C,ssl_finetune,5,2,1.0,0.6377521326481421,0.2680908995706357,0.6244840230453809
P111C,supervised,5,2,1.0,0.6376188972781166,0.26421539079766926,0.6221310118530525
P111C,ssl_finetune,10,0,1.0,0.6371052718090434,0.25283579754361263,0.6204883947256571
P111C,supervised,10,0,1.0,0.6382493076682627,0.24389630002516985,0.6163820575377801
P111C,ssl_finetune,10,1,0.88,0.36702221216563236,0.11573263280793929,0.3788857850901144
P111C,supervised,10,1,1.0,0.3748757758940481,0.11824395743781269,0.3770807330458025
P111C,ssl_finetune,10,2,0.8400000000000001,0.3613848290404339,0.07829544296054644,0.382566108716082
P111C,supervised,10,2,0.92,0.38419125387471087,0.09597681554722128,0.37474791345291447
P111C,ssl_finetune,20,0,0.77,0.3510148772819061,0.0955786169006715,0.37835566937261517
P111C,supervised,20,0,0.8400000000000001,0.3849858768915795,0.09334422954689912,0.38236350286414256
P111C,ssl_finetune,20,1,0.79,0.6240368626966728,0.2670846394984326,0.6233634954083745
P111C,supervised,20,1,0.75,0.6052577598293356,0.25549980702431496,0.6128304056089027
P111C,ssl_finetune,20,2,0.77,0.6539208809289706,0.24302733006306937,0.5850123913006736
P111C,supervised,20,2,0.9500000000000001,0.5407997799672853,0.17496635262449528,0.5239361726825914
P111C,ssl_finetune,50,0,0.7696,0.6223084644378838,0.2535368875389657,0.6203689432398751
P111C,supervised,50,0,0.8096,0.5852271094589789,0.2050190310302561,0.5361482165285567
P111C,ssl_finetune,50,1,0.7295999999999999,0.5975494641783647,0.20663980825131317,0.5337412239839798
P111C,supervised,50,1,0.7376,0.5909886536742966,0.18451185760026048,0.4820157854793532
P111C,ssl_finetune,50,2,0.7424000000000001,0.43052073285901027,0.13135376289036788,0.4072506441611081
P111C,supervised,50,2,0.7328,0.4401845490962455,0.1298180255050867,0.40124205134869667
P111C,ssl_finetune,100,0,0.6504,0.6159486810733154,0.2411185914034179,0.5911076806323637
P111C,supervised,100,0,0.8372,0.4841539458484652,0.1631119460713891,0.4968317231306658
P111C,ssl_finetune,100,1,0.7316,0.3747808806832752,0.07754186997230647,0.42229418173357536
P111C,supervised,100,1,0.7784000000000001,0.39523523624609136,0.10593863026484655,0.43608491148636946
P111C,ssl_finetune,100,2,0.6668000000000001,0.39090080827688956,0.08705952028427598,0.3883312481504853
P111C,supervised,100,2,0.8328,0.42819493123990937,0.10881666367390913,0.4028905455316455
P111C,ssl_finetune,200,0,0.6692000000000001,0.33848681235166567,0.10180003025260928,0.36117934435992777
P111C,supervised,200,0,0.7392,0.3917048239694504,0.12477692911699623,0.39141618492278674
P111C,ssl_finetune,200,1,0.6128,0.36657059427591765,0.09879437374413932,0.46835680524958234
P111C,supervised,200,1,0.6967,0.3573136215209656,0.11051866214251091,0.4744896254845686
P111C,ssl_finetune,200,2,0.6796,0.399942731211259,0.1220549030910008,0.38804490420678045
P111C,supervised,200,2,0.7471,0.39973146234063733,0.1344604411570466,0.3968965856589072
P111C,ssl_finetune,500,0,0.647888,0.5820321404095701,0.24923265807243705,0.6086810849898914
P111C,supervised,500,0,0.7769119999999999,0.49591378807910785,0.16873834679925417,0.47923174599148327
P111C,ssl_finetune,500,1,0.668064,0.3866917088490228,0.1180368287233223,0.3924304081666821
P111C,supervised,500,1,0.799328,0.4344184810074658,0.13005689001264223,0.4165329559140438
P111C,ssl_finetune,500,2,0.6425120000000001,0.39656410085918836,0.12251279135872654,0.47370489927005377
P111C,supervised,500,2,0.747824,0.5242718679731543,0.17573785209291887,0.5125337297219362
P112C,ssl_finetune,5,0,0.8333333333333334,0.4242366157069126,0.6833964127036366,0.5073686942255021
P112C,supervised,5,0,0.8333333333333334,0.4535737034627644,0.685652064662032,0.5221406006944741
P112C,ssl_finetune,5,1,1.0,0.5044083228794614,0.11392632524707999,0.48831436538158984
P112C,supervised,5,1,1.0,0.5413834383972086,0.16768292682926828,0.48472170162559625
P112C,ssl_finetune,5,2,1.0,0.43383401964562085,0.6453305351521511,0.4946645319105127
P112C,supervised,5,2,1.0,0.4468632038366093,0.6336241791850318,0.49792678547866914
P112C,ssl_finetune,10,0,0.8400000000000001,0.4518104673072248,0.6569732427084229,0.4997244575966663
P112C,supervised,10,0,0.88,0.47414690715276786,0.6624770882429956,0.5166394898816804
P112C,ssl_finetune,10,1,0.72,0.561480747479747,0.6757083621285418,0.5280194403726677
P112C,supervised,10,1,0.9600000000000001,0.5406689810696844,0.6839952275438895,0.5308420405170416
P112C,ssl_finetune,10,2,0.8,0.4280181438956061,0.6914220852926869,0.5093554222390564
P112C,supervised,10,2,0.8400000000000001,0.43373216140559556,0.6911045943304008,0.51196708501848
P112C,ssl_finetune,20,0,0.61,0.41139927729882886,0.6132511556240371,0.4764020934439398
P112C,supervised,20,0,0.8700000000000001,0.512995486728123,0.4170771756978654,0.4867793803036579
P112C,ssl_finetune,20,1,0.84,0.4394240239278244,0.13456510371274186,0.4814572599105004
P112C,supervised,20,1,0.92,0.4183244614915678,0.07991161848646657,0.48273316839081704
P112C,ssl_finetune,20,2,0.76,0.4427711775972265,0.1848684210526316,0.47685367226854164
P112C,supervised,20,2,0.79,0.3891712054304555,0.2288844924669,0.4556324215106222
P112C,ssl_finetune,50,0,0.6304,0.41793458841065484,0.6576530612244899,0.4928550437990432
P112C,supervised,50,0,0.864,0.40968037847064714,0.40266505148394915,0.4438741951175002
P112C,ssl_finetune,50,1,0.5504,0.4000222534543728,0.7147719537100069,0.4988354134952212
P112C,supervised,50,1,0.6864,0.4164558934127368,0.6973395931142409,0.4946647507252066
P112C,ssl_finetune,50,2,0.7376,0.4875997986467187,0.661491495856956,0.5148538525718495
P112C,supervised,50,2,0.848,0.563796135163587,0.6022676745220098,0.5914288752684036
P112C,ssl_finetune,100,0,0.6644,0.5631407030997508,0.415540097125607,0.5108355395324848
P112C,supervised,100,0,0.8847999999999999,0.45597021669437954,0.4884318766066838,0.47425125440993665
P112C,ssl_finetune,100,1,0.7587999999999999,0.4911134702982028,0.2947000582411182,0.4770632967453284
P112C,supervised,100,1,0.7888,0.526817819480941,0.3806870937790158,0.4866464503770943
P112C,ssl_finetune,100,2,0.7396,0.4286200757667759,0.6451333564253551,0.4878538151545368
P112C,supervised,100,2,0.7336,0.4643125269005314,0.3524800648736316,0.4745504835038884
P112C,ssl_finetune,200,0,0.7283,0.40761022735503144,0.3375,0.44999340273697797
P112C,supervised,200,0,0.8157,0.44021462876883694,0.339975926173599,0.4562547305001644
P112C,ssl_finetune,200,1,0.7330000000000001,0.4964033428758421,0.340771349862259,0.4774373604646049
P112C,supervised,200,1,0.8708,0.4605235316604075,0.41874694077337243,0.46662244421702304
P112C,ssl_finetune,200,2,0.722,0.4096969810355493,0.6195470168326431,0.4653093919424115
P112C,supervised,200,2,0.9191,0.4191776746868816,0.4463935372186959,0.45292688722750185
P112C,ssl_finetune,500,0,0.735408,0.41945236918327633,0.3736600306278714,0.4535127088668309
P112C,supervised,500,0,0.776688,0.4257880392387262,0.40829694323144106,0.45031549796644565
P112C,ssl_finetune,500,1,0.7547360000000001,0.4103614939091836,0.4721705850191361,0.44145388578792
P112C,supervised,500,1,0.8495039999999999,0.4048720349788417,0.42298634008478564,0.4436200965541718
P112C,ssl_finetune,500,2,0.755792,0.4220087265488087,0.35951819848127786,0.45867345342321364
P112C,supervised,500,2,0.808336,0.3975882408545852,0.5689859026830376,0.4212842037453636
